"REPORT_ID","Stats Area","Suburb","Postcode","LGA Name","Total Units","Total Cas","Total Fats","Total SI","Total MI","Year","Month","Day","Time","Area Speed","Position Type","Horizontal Align","Vertical Align","Other Feat","Road Surface","Moisture Cond","Weather Cond","DayNight","Crash Type","Unit Resp","Entity Code","CSEF Severity","Traffic Ctrls","DUI Involved","Drugs Involved","ACCLOC_X","ACCLOC_Y","UNIQUE_LOC"
"2015-1055-27/05/2021","2 Metropolitan","GLENELG","5045","CITY OF HOLDFAST BAY",1,1,0,0,1,2015,"January","Saturday","11:25 am","040","Cross Road","Straight road","Level","Not Applicable","Sealed","Dry","Not Raining","Daylight","Roll Over","09","Other","2: MI","No Control","","",1320712.38,1664891.54,"13207121664892"
"2015-1056-27/05/2021","2 Metropolitan","MELROSE PARK","5039","CC MITCHAM.                   ",2,2,0,0,2,2015,"January","Saturday","11:24 am","060","Not Divided","Straight road","Level","Driveway or Entrance","Sealed","Dry","Not Raining","Daylight","Right Angle","01","Driver Rider","2: MI","No Control","","",1325981.62,1664951.63,"13259821664952"
"2015-1057-27/05/2021","2 Metropolitan","ABERFOYLE PARK","5159","CITY OF ONKAPARINGA",2,0,0,0,0,2015,"January","Saturday","07:00 am","050","Not Divided","Straight road","Level","Driveway or Entrance","Sealed","Dry","Not Raining","Daylight","Hit Parked Vehicle","01","Driver Rider","1: PDO","No Control","Y","",1328676.83,1654826.8,"13286771654827"
"2015-1058-27/05/2021","3 Country","MURRAY BRIDGE","5253","RC MURRAY BRIDGE.             ",2,1,0,1,0,2015,"January","Saturday","11:40 am","080","Ramp On","CURVED, VIEW OPEN","Slope","Bridge, Culvert, Causeway","Sealed","Dry","Not Raining","Daylight","Side Swipe","01","Driver Rider","3: SI","No Control","","",1384819.12,1644405.61,"13848191644406"
"2015-1059-27/05/2021","2 Metropolitan","PARALOWIE","5108","CITY OF SALISBURY",2,1,0,0,1,2015,"January","Saturday","02:00 pm","050","Cross Road","Straight road","Level","Not Applicable","Sealed","Dry","Not Raining","Daylight","Rear End","01","Driver Rider","2: MI","Roundabout","","Y",1329828.92,1688526.08,"13298291688526"
"2015-1060-27/05/2021","2 Metropolitan","FULHAM","5024","CITY OF WEST TORRENS",2,2,0,1,1,2015,"January","Wednesday","10:00 pm","060","Cross Road","Straight road","Slope","Control Not Operational","Sealed","Dry","Not Raining","Night","Right Angle","02","Driver Rider","3: SI","Traffic Signals","","",1320980.59,1670855.57,"13209811670856"
"2015-1061-27/05/2021","2 Metropolitan","TORRENSVILLE","5031","CITY OF WEST TORRENS",3,1,0,0,1,2015,"January","Saturday","10:00 am","060","Divided Road","Straight road","Level","Roadworks","Sealed","Dry","Not Raining","Daylight","Rear End","02","Driver Rider","2: MI","No Control","","",1325689.51,1671342.03,"13256901671342"
"2015-1062-27/05/2021","2 Metropolitan","GAWLER","5118","CT GAWLER.                    ",2,1,0,0,1,2015,"January","Saturday","07:00 pm","050","Not Divided","Straight road","Level","Not Applicable","Sealed","Dry","Not Raining","Daylight","Hit Pedestrian","02","Pedestrian","2: MI","No Control","","",1342970.4,1707035.68,"13429701707036"
"2015-1063-27/05/2021","2 Metropolitan","WEST LAKES","5021","CITY OF CHARLES STURT",2,0,0,0,0,2015,"January","Saturday","04:45 pm","060","Cross Road","Straight road","Level","Not Applicable","Sealed","Dry","Not Raining","Daylight","Right Turn","02","Driver Rider","1: PDO","Traffic Signals","","",1318996.72,1676354.69,"13189971676355"
"2015-1064-27/05/2021","2 Metropolitan","WAYVILLE","5034","CITY OF UNLEY",3,1,0,0,1,2015,"January","Friday","05:45 pm","060","T-Junction","Straight road","Level","Not Applicable","Sealed","Dry","Not Raining","Daylight","Right Turn","01","Driver Rider","2: MI","No Control","","",1328088,1668934.15,"13280881668934"
"2015-1065-27/05/2021","2 Metropolitan","OLD NOARLUNGA","5168","CITY OF ONKAPARINGA",3,4,0,1,3,2015,"January","Saturday","07:10 pm","060","T-Junction","Straight road","Slope","Not Applicable","Sealed","Dry","Not Raining","Daylight","Rear End","01","Driver Rider","3: SI","Traffic Signals","","",1317908.71,1642516.48,"13179091642516"
"2015-1066-27/05/2021","2 Metropolitan","SALISBURY HEIGHTS","5109","CITY OF SALISBURY",2,0,0,0,0,2015,"January","Saturday","12:00 pm","050","Not Divided","Straight road","Level","Not Applicable","Sealed","Dry","Not Raining","Daylight","Hit Fixed Object","01","Driver Rider","1: PDO","No Control","","",1337018.74,1688429.96,"13370191688430"
"2015-1067-27/05/2021","2 Metropolitan","SALISBURY HEIGHTS","5109","CITY OF SALISBURY",1,0,0,0,0,2015,"January","Saturday","05:35 pm","050","Not Divided","Straight road","Crest of Hill","Not Applicable","Sealed","Dry","Not Raining","Daylight","Roll Over","09","Other","1: PDO","No Control","","",1337018.74,1688429.96,"13370191688430"
"2015-1068-27/05/2021","2 Metropolitan","CHANDLERS HILL","5159","CITY OF ONKAPARINGA",2,0,0,0,0,2015,"January","Wednesday","07:40 pm","070","Not Divided","CURVED, VIEW OBSCURED","Bottom of Hill","Not Applicable","Sealed","Dry","Not Raining","Daylight","Hit Fixed Object","01","Driver Rider","1: PDO","No Control","","",1330020.89,1651789.48,"13300211651789"
"2015-1069-27/05/2021","2 Metropolitan","REGENCY PARK","5010","CITY OF PORT ADELAIDE ENFIELD",2,0,0,0,0,2015,"January","Saturday","09:15 pm","060","Cross Road","Straight road","Level","Not Applicable","Sealed","Dry","Not Raining","Night","Right Turn","02","Driver Rider","1: PDO","Traffic Signals","","",1326061.03,1676368.87,"13260611676369"
"2015-1070-27/05/2021","2 Metropolitan","MOANA","5169","CITY OF ONKAPARINGA",2,0,0,0,0,2015,"January","Saturday","08:10 pm","050","Not Divided","Straight road","Bottom of Hill","Not Applicable","Sealed","Dry","Not Raining","Night","Hit Fixed Object","01","Driver Rider","1: PDO","No Control","Y","",1315726.67,1641105.98,"13157271641106"
"2015-1071-27/05/2021","3 Country","MONASH","5342","THE BERRI BARMERA COUNCIL",2,0,0,0,0,2015,"January","Sunday","12:30 am","100","Not Divided","CURVED, VIEW OPEN","Level","Unknown","Unsealed","Dry","Not Raining","Night","Hit Fixed Object","01","Driver Rider","1: PDO","No Control","","",1520377.04,1737922.3,"15203771737922"
"2015-1072-27/05/2021","3 Country","MURRAY BRIDGE","5253","RC MURRAY BRIDGE.             ",2,0,0,0,0,2015,"January","Saturday","11:15 pm","050","Not Divided","CURVED, VIEW OPEN","Level","Not Applicable","Sealed","Dry","Not Raining","Night","Hit Fixed Object","01","Driver Rider","1: PDO","No Control","","",1390620.97,1644606.67,"13906211644607"
"2015-1073-27/05/2021","3 Country","YAHL","5291","DISTRICT COUNCIL OF GRANT",3,0,0,0,0,2015,"January","Sunday","04:10 am","100","Cross Road","Straight road","Level","Not Applicable","Sealed","Dry","Not Raining","Night","Hit Fixed Object","01","Driver Rider","1: PDO","Stop Sign","Y","",1515209.53,1337851.53,"15152101337852"
"2015-1074-27/05/2021","2 Metropolitan","TORRENSVILLE","5031","CITY OF WEST TORRENS",4,0,0,0,0,2015,"January","Saturday","12:40 pm","060","Pedestrian Crossing","Straight road","Level","Not Applicable","Sealed","Dry","Not Raining","Daylight","Rear End","01","Driver Rider","1: PDO","Traffic Signals","","",1324796.73,1670966.67,"13247971670967"
"2015-1075-27/05/2021","2 Metropolitan","HOPE VALLEY","5090","CITY OF TEA TREE GULLY",2,0,0,0,0,2015,"January","Saturday","12:30 pm","060","Divided Road","Straight road","Slope","Not Applicable","Sealed","Dry","Not Raining","Daylight","Hit Fixed Object","01","Driver Rider","1: PDO","No Control","","",1338908.9,1679769.32,"13389091679769"
"2015-1076-27/05/2021","2 Metropolitan","NORTHFIELD","5085","CITY OF PORT ADELAIDE ENFIELD",2,0,0,0,0,2015,"January","Sunday","08:00 am","050","Not Divided","Straight road","Level","Driveway or Entrance","Sealed","Dry","Not Raining","Daylight","Hit Fixed Object","01","Driver Rider","1: PDO","No Control","","",1330705.11,1678588.08,"13307051678588"
"2015-1077-27/05/2021","1 City","ADELAIDE","5000","CITY OF ADELAIDE",1,1,0,0,1,2015,"January","Sunday","10:04 am","025","Not Divided","Straight road","Slope","Road hump or Slow point","Sealed","Dry","Not Raining","Daylight","Roll Over","01","Driver Rider","2: MI","No Control","","",1328408.28,1671324.49,"13284081671324"
"2015-1078-27/05/2021","2 Metropolitan","POORAKA","5095","CITY OF SALISBURY",2,0,0,0,0,2015,"January","Saturday","11:00 pm","070","Divided Road","Straight road","Level","Not Applicable","Sealed","Dry","Not Raining","Night","Side Swipe","01","Driver Rider","1: PDO","No Control","","",1329914.49,1681030.79,"13299141681031"
"2015-1079-27/05/2021","2 Metropolitan","FULHAM","5024","CITY OF WEST TORRENS",2,1,0,0,1,2015,"January","Saturday","01:22 pm","060","Divided Road","Straight road","Level","Not Applicable","Sealed","Dry","Not Raining","Daylight","Rear End","01","Driver Rider","2: MI","No Control","","",1320979.73,1670900.64,"13209801670901"
"2015-1080-27/05/2021","3 Country","WHYALLA BARSON","5601","CC WHYALLA.                   ",2,0,0,0,0,2015,"January","Saturday","03:00 pm","110","Not Divided","Straight road","Level","Not Applicable","Sealed","Dry","Not Raining","Daylight","Side Swipe","01","Driver Rider","1: PDO","No Control","","",1240121.99,1892161.1,"12401221892161"
"2015-1081-27/05/2021","2 Metropolitan","WALKERVILLE","5081","WALKERVILLE TOWN COUNCIL",2,0,0,0,0,2015,"January","Saturday","05:00 pm","060","Divided Road","Straight road","Level","Driveway or Entrance","Sealed","Dry","Not Raining","Daylight","Rear End","02","Driver Rider","1: PDO","No Control","","",1329608.89,1674390.7,"13296091674391"
"2015-1082-27/05/2021","2 Metropolitan","SALISBURY","5108","CITY OF SALISBURY",2,1,0,0,1,2015,"January","Saturday","09:10 pm","040","Pedestrian Crossing","Straight road","Level","Not Applicable","Sealed","Dry","Not Raining","Night","Hit Pedestrian","01","Driver Rider","2: MI","No Control","","",1333056.19,1688596.73,"13330561688597"
"2015-1083-27/05/2021","2 Metropolitan","MOUNT BARKER","5251","DC MT.BARKER.                 ",2,0,0,0,0,2015,"January","Sunday","01:05 pm","080","T-Junction","CURVED, VIEW OBSCURED","Slope","Not Applicable","Sealed","Dry","Not Raining","Daylight","Rear End","02","Driver Rider","1: PDO","Give Way Sign","","",1349673.94,1651511.9,"13496741651512"
"2015-1084-27/05/2021","3 Country","EBA","5320","MID MURRAY DISTRICT COUNCIL",2,2,0,1,1,2015,"January","Friday","11:30 am","050","Not Divided","Straight road","Level","Not Applicable","Unsealed","Dry","Not Raining","Daylight","Rear End","01","Driver Rider","3: SI","No Control","","",1421989.59,1766283.34,"14219901766283"
"2015-1085-27/05/2021","2 Metropolitan","ROYAL PARK","5014","CITY OF CHARLES STURT",2,1,0,0,1,2015,"January","Sunday","01:50 pm","060","Divided Road","Straight road","Level","Not Applicable","Sealed","Dry","Not Raining","Daylight","Hit Pedestrian","02","Pedestrian","2: MI","No Control","","",1320675.16,1677393.29,"13206751677393"
"2015-1086-27/05/2021","2 Metropolitan","MILLBROOK","5231","THE ADELAIDE HILLS COUNCIL",2,0,0,0,0,2015,"January","Sunday","02:30 pm","080","Not Divided","CURVED, VIEW OBSCURED","Slope","Not Applicable","Sealed","Dry","Not Raining","Daylight","Head On","02","Driver Rider","1: PDO","No Control","","",1349406.3,1680958.55,"13494061680959"
"2015-1087-27/05/2021","2 Metropolitan","SUMMERTOWN","5141","THE ADELAIDE HILLS COUNCIL",2,1,0,0,1,2015,"January","Sunday","03:30 pm","080","T-Junction","CURVED, VIEW OPEN","Slope","Not Applicable","Sealed","Dry","Not Raining","Daylight","Hit Fixed Object","01","Driver Rider","2: MI","No Control","","",1338758.87,1666041.89,"13387591666042"
"2015-1088-27/05/2021","2 Metropolitan","HAZELWOOD PARK","5066","CITY OF BURNSIDE",2,0,0,0,0,2015,"January","Sunday","04:30 pm","050","Cross Road","Straight road","Level","Not Applicable","Sealed","Dry","Not Raining","Daylight","Right Angle","02","Driver Rider","1: PDO","Give Way Sign","","",1333494.28,1668746.03,"13334941668746"
"2015-1089-27/05/2021","2 Metropolitan","BURTON","5110","CITY OF SALISBURY",2,1,0,0,1,2015,"January","Sunday","02:45 pm","090","Not Divided","Straight road","Level","Not Applicable","Sealed","Dry","Not Raining","Daylight","Hit Fixed Object","01","Driver Rider","2: MI","No Control","","",1328785.34,1692844.18,"13287851692844"
"2015-1090-27/05/2021","2 Metropolitan","INGLEWOOD","5133","THE ADELAIDE HILLS COUNCIL",3,0,0,0,0,2015,"January","Friday","03:30 pm","080","Not Divided","Straight road","Slope","Not Applicable","Sealed","Dry","Not Raining","Daylight","Head On","01","Driver Rider","1: PDO","No Control","","",1346100.2,1681692.17,"13461001681692"
"2015-1091-27/05/2021","3 Country","MURRAY BRIDGE","5253","RC MURRAY BRIDGE.             ",2,0,0,0,0,2015,"January","Friday","05:30 am","060","T-Junction","CURVED, VIEW OPEN","Level","Not Applicable","Sealed","Dry","Not Raining","Night","Hit Parked Vehicle","02","Driver Rider","1: PDO","No Control","","",1386665.33,1647326.46,"13866651647326"
"2015-1092-27/05/2021","2 Metropolitan","SEAFORD RISE","5169","CITY OF ONKAPARINGA",2,0,0,0,0,2015,"January","Sunday","04:20 pm","070","Divided Road","Straight road","Slope","Not Applicable","Sealed","Dry","Not Raining","Daylight","Hit Parked Vehicle","01","Driver Rider","1: PDO","No Control","","",1316401.69,1640871.33,"13164021640871"
"2015-1093-27/05/2021","2 Metropolitan","SALISBURY DOWNS","5108","CITY OF SALISBURY",2,1,0,0,1,2015,"January","Sunday","04:30 pm","050","T-Junction","Straight road","Level","Not Applicable","Sealed","Dry","Not Raining","Daylight","Right Angle","01","Driver Rider","2: MI","Give Way Sign","","",1331112.26,1688093.67,"13311121688094"
"2015-1094-27/05/2021","2 Metropolitan","EXETER","5019","CITY OF PORT ADELAIDE ENFIELD",2,0,0,0,0,2015,"January","Sunday","06:10 pm","050","Divided Road","Straight road","Level","Not Applicable","Sealed","Dry","Not Raining","Daylight","Side Swipe","02","Driver Rider","1: PDO","No Control","","",1318971.14,1680437.79,"13189711680438"
"2015-1095-27/05/2021","2 Metropolitan","SEAFORD","5169","CITY OF ONKAPARINGA",2,0,0,0,0,2015,"January","Saturday","10:00 pm","060","T-Junction","Straight road","Level","Not Applicable","Sealed","Dry","Not Raining","Night","Hit Fixed Object","01","Driver Rider","1: PDO","No Control","","",1317386.4,1642793.23,"13173861642793"
"2015-1096-27/05/2021","2 Metropolitan","TORRENS PARK","5062","CC MITCHAM.                   ",2,0,0,0,0,2015,"January","Wednesday","04:20 pm","060","Divided Road","Straight road","Level","Not Applicable","Sealed","Dry","Not Raining","Daylight","Rear End","02","Driver Rider","1: PDO","No Control","","",1329950.79,1664228.12,"13299511664228"
"2015-1097-27/05/2021","2 Metropolitan","DAVOREN PARK","5113","CITY OF PLAYFORD.",2,1,0,0,1,2015,"January","Sunday","06:05 pm","060","Cross Road","Straight road","Level","Road hump or Slow point","Sealed","Dry","Not Raining","Daylight","Right Angle","02","Driver Rider","2: MI","Roundabout","","",1335599.18,1696373.36,"13355991696373"
"2015-1098-27/05/2021","3 Country","STRATHALBYN","5255","ALEXANDRINA COUNCIL",2,0,0,0,0,2015,"January","Sunday","03:15 pm","080","T-Junction","CURVED, VIEW OPEN","Crest of Hill","Not Applicable","Sealed","Dry","Not Raining","Daylight","Head On","01","Driver Rider","1: PDO","Give Way Sign","","",1349478.66,1637546.46,"13494791637546"
"2015-1099-27/05/2021","2 Metropolitan","KLEMZIG","5087","CITY OF PORT ADELAIDE ENFIELD",2,1,0,0,1,2015,"January","Sunday","06:20 pm","060","Cross Road","CURVED, VIEW OBSCURED","Level","Not Applicable","Sealed","Dry","Not Raining","Daylight","Right Turn","01","Driver Rider","2: MI","Traffic Signals","","",1332080.32,1676585.35,"13320801676585"
"2015-1100-27/05/2021","2 Metropolitan","MELROSE PARK","5039","CC MITCHAM.                   ",2,0,0,0,0,2015,"January","Sunday","11:30 am","060","Cross Road","Straight road","Level","Not Applicable","Sealed","Dry","Not Raining","Daylight","Rear End","01","Driver Rider","1: PDO","Traffic Signals","","",1325912.16,1664946.07,"13259121664946"
"2015-1101-27/05/2021","2 Metropolitan","KENSINGTON PARK","5068","CC OF NORWOOD,PAYNEHAM & ST PETERS",3,0,0,0,0,2015,"January","Sunday","09:45 pm","060","Not Divided","Straight road","Level","Not Applicable","Sealed","Dry","Not Raining","Night","Hit Parked Vehicle","02","Driver Rider","1: PDO","No Control","","",1333169.29,1671788.46,"13331691671788"
"2015-1102-27/05/2021","2 Metropolitan","CASTAMBUL","5076","THE ADELAIDE HILLS COUNCIL",1,1,0,0,1,2015,"January","Sunday","10:15 pm","070","T-Junction","CURVED, VIEW OBSCURED","Level","Not Applicable","Sealed","Dry","Not Raining","Night","Roll Over","01","Driver Rider","2: MI","No Control","","",1342652.56,1676445.47,"13426531676445"
"2015-1103-27/05/2021","1 City","NORTH ADELAIDE","5006","CITY OF ADELAIDE",2,0,0,0,0,2015,"January","Monday","08:55 am","050","Cross Road","Straight road","Level","Not Applicable","Sealed","Dry","Not Raining","Daylight","Side Swipe","02","Driver Rider","1: PDO","Traffic Signals","","",1328227.4,1672725.75,"13282271672726"
"2015-1104-27/05/2021","2 Metropolitan","CHARLESTON","5244","THE ADELAIDE HILLS COUNCIL",2,0,0,0,0,2015,"January","Sunday","12:50 pm","060","Cross Road","Straight road","Level","Not Applicable","Sealed","Dry","Not Raining","Daylight","Rear End","02","Driver Rider","1: PDO","Give Way Sign","","",1355925.75,1670779.99,"13559261670780"
"2015-1105-27/05/2021","2 Metropolitan","RICHMOND","5033","CITY OF WEST TORRENS",2,0,0,0,0,2015,"January","Sunday","10:30 am","060","Multiple","CURVED, VIEW OPEN","Level","Not Applicable","Unsealed","Dry","Not Raining","Daylight","Rear End","02","Driver Rider","1: PDO","Traffic Signals","","",1325784.87,1669462.42,"13257851669462"
"2015-1106-27/05/2021","3 Country","PUKATJA","872",,2,0,0,0,0,2015,"January","Sunday","11:30 am","100","Not Divided","Straight road","Level","Driveway or Entrance","Unsealed","Dry","Not Raining","Daylight","Rear End","01","Driver Rider","1: PDO","No Control","","",717090.32,2631514.69,"07170902631515"
"2015-1107-27/05/2021","2 Metropolitan","GLENELG NORTH","5045","CITY OF HOLDFAST BAY",2,0,0,0,0,2015,"January","Monday","07:20 am","050","Cross Road","Straight road","Level","Not Applicable","Sealed","Dry","Not Raining","Daylight","Right Angle","02","Driver Rider","1: PDO","Roundabout","","",1320786.94,1665298.76,"13207871665299"
"2015-1108-27/05/2021","2 Metropolitan","POORAKA","5095","CITY OF SALISBURY",2,1,0,0,1,2015,"January","Monday","07:55 am","070","T-Junction","Straight road","Level","Not Applicable","Sealed","Dry","Not Raining","Daylight","Right Turn","02","Driver Rider","2: MI","No Control","","",1330682.97,1681822.76,"13306831681823"
"2015-1109-27/05/2021","3 Country","SOUTHEND","5280","WATTLE RANGE COUNCIL",2,0,0,0,0,2015,"January","Monday","08:30 am","110","Not Divided","CURVED, VIEW OPEN","Level","Not Applicable","Sealed","Dry","Not Raining","Daylight","Hit Fixed Object","01","Driver Rider","1: PDO","No Control","","",1456281.22,1375808.98,"14562811375809"
"2015-1110-27/05/2021","2 Metropolitan","HILTON","5033","CITY OF WEST TORRENS",2,0,0,0,0,2015,"January","Saturday","06:45 pm","060","Pedestrian Crossing","Straight road","Level","Not Applicable","Sealed","Dry","Not Raining","Daylight","Rear End","02","Driver Rider","1: PDO","Traffic Signals","","",1324950.12,1669892.48,"13249501669892"
"2015-1111-27/05/2021","2 Metropolitan","SOUTH PLYMPTON","5038","CC MARION.                    ",2,0,0,0,0,2015,"January","Sunday","02:40 pm","060","Cross Road","Straight road","Level","Not Applicable","Sealed","Dry","Not Raining","Daylight","Right Turn","01","Driver Rider","1: PDO","Traffic Signals","","",1324247.23,1666113.9,"13242471666114"
"2015-1112-27/05/2021","2 Metropolitan","HACKNEY","5069","CC OF NORWOOD,PAYNEHAM & ST PETERS",2,0,0,0,0,2015,"January","Monday","09:15 am","060","Cross Road","Straight road","Level","Not Applicable","Sealed","Dry","Not Raining","Daylight","Side Swipe","02","Driver Rider","1: PDO","Traffic Signals","","",1329902.14,1671311.39,"13299021671311"
"2015-1113-27/05/2021","1 City","ADELAIDE","5000","CITY OF ADELAIDE",3,0,0,0,0,2015,"January","Monday","11:30 am","050","Not Divided","Straight road","Level","Not Applicable","Sealed","Dry","Not Raining","Daylight","Rear End","01","Driver Rider","1: PDO","No Control","","",1328391.69,1670668.78,"13283921670669"
"2015-1114-27/05/2021","2 Metropolitan","SEACLIFF PARK","5049","CITY OF HOLDFAST BAY",2,0,0,0,0,2015,"January","Monday","05:15 am","050","Not Divided","CURVED, VIEW OPEN","Slope","Not Applicable","Sealed","Dry","Not Raining","Night","Hit Fixed Object","01","Driver Rider","1: PDO","No Control","","",1321792.39,1658622.59,"13217921658623"
"2015-1115-27/05/2021","2 Metropolitan","MODBURY HEIGHTS","5092","CITY OF TEA TREE GULLY",3,0,0,0,0,2015,"January","Monday","11:45 am","060","T-Junction","Straight road","Slope","Not Applicable","Sealed","Dry","Not Raining","Daylight","Rear End","01","Driver Rider","1: PDO","Traffic Signals","","",1338002.79,1683512.56,"13380031683513"
"2015-1116-27/05/2021","2 Metropolitan","MOUNT BARKER","5251","DC MT.BARKER.                 ",2,1,0,0,1,2015,"January","Monday","11:10 am","050","Not Divided","Straight road","Level","Not Applicable","Sealed","Dry","Not Raining","Daylight","Hit Pedestrian","01","Pedestrian","2: MI","No Control","","",1351342.48,1654461.97,"13513421654462"
"2015-1117-27/05/2021","3 Country","PORT AUGUSTA","5700","CC PT.AUGUSTA.                ",2,0,0,0,0,2015,"January","Saturday","09:05 pm","050","Not Divided","Straight road","Level","Driveway or Entrance","Sealed","Dry","Not Raining","Night","Hit Parked Vehicle","02","Driver Rider","1: PDO","No Control","","",1261052.06,1941391.69,"12610521941392"
"2015-1118-27/05/2021","2 Metropolitan","KINGS PARK","5034","CITY OF UNLEY",2,1,0,0,1,2015,"January","Monday","10:05 am","060","Not Divided","Straight road","Level","Not Applicable","Sealed","Dry","Not Raining","Daylight","Side Swipe","01","Driver Rider","2: MI","No Control","","",1327505.86,1666272.47,"13275061666272"
"2015-1119-27/05/2021","2 Metropolitan","WILLASTON","5118","CT GAWLER.                    ",2,0,0,0,0,2015,"January","Monday","12:30 pm","050","Multiple","Straight road","Level","Not Applicable","Sealed","Dry","Not Raining","Daylight","Right Angle","02","Driver Rider","1: PDO","Roundabout","","",1342394.87,1708190.5,"13423951708191"
"2015-1120-27/05/2021","2 Metropolitan","PARAFIELD GARDENS","5107","CITY OF SALISBURY",1,0,0,0,0,2015,"January","Monday","10:15 am","060","T-Junction","Straight road","Level","Not Applicable","Sealed","Dry","Not Raining","Daylight","Roll Over","01","Driver Rider","1: PDO","Roundabout","","",1330317.03,1686163.83,"13303171686164"
"2015-1121-27/05/2021","2 Metropolitan","SALISBURY","5108","CITY OF SALISBURY",2,1,0,0,1,2015,"January","Tuesday","05:19 pm","060","Cross Road","Straight road","Level","Not Applicable","Sealed","Dry","Not Raining","Daylight","Rear End","02","Driver Rider","2: MI","Traffic Signals","","",1332794.38,1688504.36,"13327941688504"
"2015-1122-27/05/2021","2 Metropolitan","HILTON","5033","CITY OF WEST TORRENS",4,1,0,0,1,2015,"January","Monday","11:00 am","060","T-Junction","Straight road","Level","Not Applicable","Sealed","Dry","Not Raining","Daylight","Rear End","01","Driver Rider","2: MI","No Control","","",1325487.18,1670077.43,"13254871670077"
"2015-1123-27/05/2021","2 Metropolitan","SALISBURY EAST","5109","CITY OF SALISBURY",2,0,0,0,0,2015,"January","Monday","11:50 am","080","Divided Road","Straight road","Level","Not Applicable","Sealed","Dry","Not Raining","Daylight","Rear End","02","Driver Rider","1: PDO","No Control","","",1334599.05,1687046.33,"13345991687046"
"2015-1124-27/05/2021","2 Metropolitan","MACCLESFIELD","5153","DC MT.BARKER.                 ",2,1,0,0,1,2015,"January","Monday","12:20 pm","080","Not Divided","CURVED, VIEW OPEN","Slope","Not Applicable","Sealed","Dry","Not Raining","Daylight","Side Swipe","02","Driver Rider","2: MI","No Control","","",1348753.26,1643592.25,"13487531643592"
"2015-1125-27/05/2021","3 Country","WESTERN FLAT","5268","DC TATIARA.                   ",2,1,0,0,1,2015,"January","Monday","10:50 am","110","Not Divided","CURVED, VIEW OPEN","Level","Not Applicable","Sealed","Dry","Not Raining","Daylight","Hit Fixed Object","01","Driver Rider","2: MI","No Control","","",1515119.06,1488038.51,"15151191488039"
"2015-1126-27/05/2021","2 Metropolitan","GOODWOOD","5034","CITY OF UNLEY",2,1,0,0,1,2015,"January","Monday","10:55 am","040","T-Junction","Straight road","Level","Not Applicable","Sealed","Dry","Not Raining","Daylight","Side Swipe","02","Driver Rider","2: MI","No Control","","",1327330.71,1668171.93,"13273311668172"
"2015-1127-27/05/2021","2 Metropolitan","DRY CREEK","5094","CITY OF PORT ADELAIDE ENFIELD",2,0,0,0,0,2015,"January","Monday","08:30 am","060","T-Junction","Straight road","Level","Not Applicable","Sealed","Dry","Not Raining","Daylight","Right Angle","02","Driver Rider","1: PDO","No Control","","",1327321.79,1680197.21,"13273221680197"
"2015-1128-27/05/2021","2 Metropolitan","KESWICK TERMINAL","5035","CITY OF WEST TORRENS",2,1,0,0,1,2015,"January","Monday","11:15 am","060","Cross Road","Straight road","Level","Not Applicable","Sealed","Dry","Not Raining","Daylight","Right Turn","01","Driver Rider","2: MI","Traffic Signals","","",1326197.48,1670102.93,"13261971670103"
"2015-1129-27/05/2021","3 Country","BULLOO CREEK","5440",,3,1,0,0,1,2015,"January","Monday","10:30 am","110","Not Divided","Straight road","Level","Not Applicable","Sealed","Dry","Not Raining","Daylight","Hit Fixed Object","01","Driver Rider","2: MI","No Control","","",1525049.82,1965856.56,"15250501965857"
"2015-1130-27/05/2021","3 Country","MOUNT GAMBIER","5290","CC MT.GAMBIER.                ",2,0,0,0,0,2015,"January","Monday","02:10 pm","050","T-Junction","Straight road","Level","Not Applicable","Sealed","Dry","Not Raining","Daylight","Hit Pedestrian","02","Driver Rider","1: PDO","No Control","","",1510408.95,1339787.79,"15104091339788"
"2015-1131-27/05/2021","2 Metropolitan","WILLASTON","5118","CT GAWLER.                    ",2,1,0,0,1,2015,"January","Monday","02:55 pm","050","T-Junction","Straight road","Level","Not Applicable","Sealed","Dry","Not Raining","Daylight","Rear End","02","Driver Rider","2: MI","Give Way Sign","","",1343151.47,1708849.47,"13431511708849"
"2015-1132-27/05/2021","2 Metropolitan","MAWSON LAKES","5095","CITY OF SALISBURY",2,1,0,0,1,2015,"January","Friday","12:30 pm","050","T-Junction","Straight road","Level","Not Applicable","Sealed","Dry","Not Raining","Daylight","Right Turn","02","Driver Rider","2: MI","No Control","","",1330290.33,1683542.1,"13302901683542"
"2015-1133-27/05/2021","1 City","ADELAIDE","5000","CITY OF ADELAIDE",2,0,0,0,0,2015,"January","Monday","10:45 am","050","Not Divided","Straight road","Level","Not Applicable","Sealed","Dry","Not Raining","Daylight","Hit Parked Vehicle","02","Driver Rider","1: PDO","No Control","","",1329434.6,1670448.41,"13294351670448"
"2015-1134-27/05/2021","2 Metropolitan","CHELTENHAM","5014","CITY OF CHARLES STURT",2,1,1,0,0,2015,"January","Monday","01:04 pm","060","Cross Road","Straight road","Level","Not Applicable","Sealed","Dry","Not Raining","Daylight","Side Swipe","02","Driver Rider","4: Fatal","Traffic Signals","","",1322125.85,1676413.1,"13221261676413"