"REPORT_ID","Stats Area","Suburb","Postcode","LGA Name","Total Units","Total Cas","Total Fats","Total SI","Total MI","Year","Month","Day","Time","Area Speed","Position Type","Horizontal Align","Vertical Align","Other Feat","Road Surface","Moisture Cond","Weather Cond","DayNight","Crash Type","Unit Resp","Entity Code","CSEF Severity","Traffic Ctrls","DUI Involved","Drugs Involved","ACCLOC_X","ACCLOC_Y","UNIQUE_LOC"
"2015-1699-27/05/2021","2 Metropolitan","PORT ADELAIDE","5015","CITY OF PORT ADELAIDE ENFIELD",2,0,0,0,0,2015,"February","Tuesday","03:40 pm","060","Divided Road","Straight road","Level","Bridge, Culvert, Causeway","Sealed","Dry","Not Raining","Daylight","Rear End","02","Driver Rider","1: PDO","No Control","","",1320359.02,1680621.63,"13203591680622"
"2015-1700-27/05/2021","2 Metropolitan","CROYDON","5008","CITY OF CHARLES STURT",2,0,0,0,0,2015,"February","Wednesday","07:50 am","060","Cross Road","Straight road","Level","Not Applicable","Sealed","Dry","Not Raining","Daylight","Rear End","01","Driver Rider","1: PDO","Traffic Signals","","",1325521.41,1673487.27,"13255211673487"
"2015-1701-27/05/2021","2 Metropolitan","PENFIELD","5121","CITY OF PLAYFORD.",2,1,0,0,1,2015,"February","Wednesday","07:25 am","080","Not Divided","Straight road","Level","Not Applicable","Sealed","Dry","Not Raining","Daylight","Rear End","01","Driver Rider","2: MI","No Control","","Y",1331468.13,1697582.12,"13314681697582"
"2015-1702-27/05/2021","2 Metropolitan","NORTHFIELD","5085","CITY OF PORT ADELAIDE ENFIELD",2,0,0,0,0,2015,"February","Wednesday","08:15 am","060","T-Junction","Straight road","Level","Not Applicable","Sealed","Dry","Not Raining","Daylight","Side Swipe","01","Driver Rider","1: PDO","No Control","","",1331082.18,1679280.27,"13310821679280"
"2015-1703-27/05/2021","2 Metropolitan","GULFVIEW HEIGHTS","5096","CITY OF SALISBURY",3,1,0,0,1,2015,"February","Wednesday","07:45 am","060","Divided Road","Straight road","Slope","Not Applicable","Sealed","Dry","Not Raining","Daylight","Rear End","01","Driver Rider","2: MI","No Control","","",1334409.5,1684364.3,"13344101684364"
"2015-1704-27/05/2021","2 Metropolitan","UPPER HERMITAGE","5131","CITY OF TEA TREE GULLY",3,0,0,0,0,2015,"February","Tuesday","09:40 pm","070","Not Divided","CURVED, VIEW OBSCURED","Slope","Not Applicable","Sealed","Dry","Not Raining","Night","Hit Fixed Object","09","Other","1: PDO","No Control","","",1342981.1,1685791.16,"13429811685791"
"2015-1705-27/05/2021","1 City","ADELAIDE","5000","CITY OF ADELAIDE",2,0,0,0,0,2015,"February","Wednesday","10:00 am","050","Cross Road","Straight road","Level","Not Applicable","Sealed","Dry","Not Raining","Daylight","Right Turn","02","Driver Rider","1: PDO","Traffic Signals","","",1327951.24,1669556.92,"13279511669557"
"2015-1706-27/05/2021","2 Metropolitan","GILLES PLAINS","5086","CITY OF PORT ADELAIDE ENFIELD",2,0,0,0,0,2015,"February","Wednesday","08:15 am","050","Not Divided","Straight road","Level","Driveway or Entrance","Sealed","Dry","Not Raining","Daylight","Right Angle","01","Driver Rider","1: PDO","No Control","","",1334031.88,1678569.64,"13340321678570"
"2015-1707-27/05/2021","2 Metropolitan","EDWARDSTOWN","5039","CC MARION.                    ",2,1,0,0,1,2015,"February","Tuesday","04:30 pm","060","T-Junction","Straight road","Level","Not Applicable","Sealed","Dry","Not Raining","Daylight","Rear End","02","Driver Rider","2: MI","Traffic Signals","","",1325930.82,1664392.35,"13259311664392"
"2015-1708-27/05/2021","2 Metropolitan","ONE TREE HILL","5114","CITY OF PLAYFORD.",2,1,0,0,1,2015,"February","Tuesday","02:00 pm","100","Not Divided","CURVED, VIEW OPEN","Level","Not Applicable","Sealed","Dry","Not Raining","Daylight","Hit Fixed Object","01","Driver Rider","2: MI","No Control","","",1345452.03,1692564.7,"13454521692565"
"2015-1709-27/05/2021","2 Metropolitan","ELIZABETH PARK","5113","CITY OF PLAYFORD.",2,1,0,0,1,2015,"February","Wednesday","10:30 am","060","Cross Road","Straight road","Level","Not Applicable","Sealed","Dry","Not Raining","Daylight","Rear End","02","Driver Rider","2: MI","Traffic Signals","","",1335939.12,1693257.92,"13359391693258"
"2015-1710-27/05/2021","3 Country","CLEVE","5640","DC CLEVE.                     ",2,0,0,0,0,2015,"February","Tuesday","01:00 pm","100","Not Divided","CURVED, VIEW OPEN","Slope","Not Applicable","Unsealed","Dry","Not Raining","Daylight","Hit Fixed Object","01","Driver Rider","1: PDO","No Control","","",1140427.66,1815850.68,"11404281815851"
"2015-1711-27/05/2021","2 Metropolitan","BALHANNAH","5242","THE ADELAIDE HILLS COUNCIL",2,0,0,0,0,2015,"February","Sunday","11:30 am","060","T-Junction","Straight road","Level","Not Applicable","Sealed","Wet","Raining","Daylight","Roll Over","01","Driver Rider","1: PDO","No Control","","",1348615.04,1662583.88,"13486151662584"
"2015-1712-27/05/2021","1 City","ADELAIDE","5000","CITY OF ADELAIDE",2,0,0,0,0,2015,"February","Wednesday","11:30 am","050","Pedestrian Crossing","Straight road","Level","Driveway or Entrance","Sealed","Dry","Not Raining","Daylight","Right Turn","02","Driver Rider","1: PDO","Traffic Signals","","",1328211.16,1670180.19,"13282111670180"
"2015-1713-27/05/2021","2 Metropolitan","NOARLUNGA CENTRE","5168","CITY OF ONKAPARINGA",2,1,0,0,1,2015,"February","Wednesday","01:20 pm","060","Not Divided","Straight road","Level","Driveway or Entrance","Sealed","Dry","Not Raining","Daylight","Right Angle","02","Driver Rider","2: MI","No Control","","",1317443.95,1647428.37,"13174441647428"
"2015-1714-27/05/2021","2 Metropolitan","HACKNEY","5069","CC OF NORWOOD,PAYNEHAM & ST PETERS",2,0,0,0,0,2015,"February","Tuesday","05:05 pm","060","Divided Road","Straight road","Level","Not Applicable","Sealed","Dry","Not Raining","Daylight","Rear End","02","Driver Rider","1: PDO","No Control","","",1329723.15,1672394.85,"13297231672395"
"2015-1715-27/05/2021","2 Metropolitan","KINGSWOOD","5062","CC MITCHAM.                   ",3,1,0,0,1,2015,"February","Tuesday","09:00 am","060","Divided Road","Straight road","Slope","Not Applicable","Sealed","Dry","Not Raining","Daylight","Rear End","01","Driver Rider","2: MI","No Control","","",1329197.27,1666249.32,"13291971666249"
"2015-1716-27/05/2021","3 Country","PORT AUGUSTA","5700","CC PT.AUGUSTA.                ",2,0,0,0,0,2015,"February","Wednesday","01:15 pm","060","Divided Road","Straight road","Level","Not Applicable","Sealed","Dry","Not Raining","Daylight","Side Swipe","01","Driver Rider","1: PDO","No Control","","",1259586.55,1942209.24,"12595871942209"
"2015-1717-27/05/2021","2 Metropolitan","GREENHILL","5140","THE ADELAIDE HILLS COUNCIL",2,0,0,0,0,2015,"February","Tuesday","10:58 am","080","Not Divided","CURVED, VIEW OPEN","Slope","Not Applicable","Sealed","Dry","Not Raining","Daylight","Hit Fixed Object","09","Other","1: PDO","No Control","","",1338873.64,1666747.66,"13388741666748"
"2015-1718-27/05/2021","3 Country","MURRAY BRIDGE","5253","RC MURRAY BRIDGE.             ",2,1,0,0,1,2015,"February","Wednesday","01:45 pm","050","Not Divided","Straight road","Level","Not Applicable","Sealed","Dry","Not Raining","Daylight","Rear End","02","Driver Rider","2: MI","No Control","","",1388645.71,1646714.68,"13886461646715"
"2015-1719-27/05/2021","2 Metropolitan","HILTON","5033","CITY OF WEST TORRENS",2,0,0,0,0,2015,"February","Tuesday","07:20 pm","060","Cross Road","Straight road","Level","Not Applicable","Sealed","Dry","Not Raining","Night","Hit Fixed Object","01","Driver Rider","1: PDO","Traffic Signals","","",1325771.37,1670085.26,"13257711670085"
"2015-1720-27/05/2021","1 City","NORTH ADELAIDE","5006","CITY OF ADELAIDE",2,0,0,0,0,2015,"February","Wednesday","02:30 pm","050","Cross Road","Straight road","Level","Not Applicable","Sealed","Dry","Not Raining","Daylight","Rear End","02","Driver Rider","1: PDO","Traffic Signals","","",1329105.87,1672639.31,"13291061672639"
"2015-1721-27/05/2021","3 Country","WHYALLA","5600","CC WHYALLA.                   ",2,1,0,0,1,2015,"February","Wednesday","02:24 pm","040","Cross Road","Straight road","Level","Not Applicable","Sealed","Dry","Not Raining","Daylight","Right Angle","01","Driver Rider","2: MI","Roundabout","","",1240689.9,1882413.54,"12406901882414"
"2015-1722-27/05/2021","2 Metropolitan","FULHAM GARDENS","5024","CITY OF CHARLES STURT",2,0,0,0,0,2015,"February","Tuesday","07:30 pm","050","T-Junction","Straight road","Level","Not Applicable","Sealed","Dry","Not Raining","Daylight","Right Turn","02","Driver Rider","1: PDO","No Control","","",1320838.2,1671844.88,"13208381671845"
"2015-1723-27/05/2021","2 Metropolitan","TOORAK GARDENS","5065","CITY OF BURNSIDE",2,0,0,0,0,2015,"February","Wednesday","02:45 pm","050","Not Divided","Straight road","Level","Not Applicable","Sealed","Dry","Not Raining","Daylight","Hit Parked Vehicle","01","Driver Rider","1: PDO","No Control","","",1332041.16,1669332.85,"13320411669333"
"2015-1724-27/05/2021","2 Metropolitan","MOUNT BARKER","5251","DC MT.BARKER.                 ",1,1,0,0,1,2015,"February","Wednesday","02:40 pm","050","T-Junction","CURVED, VIEW OPEN","Slope","Not Applicable","Sealed","Dry","Not Raining","Daylight","Roll Over","01","Driver Rider","2: MI","Give Way Sign","","",1353789.36,1652178.51,"13537891652179"
"2015-1725-27/05/2021","2 Metropolitan","UNLEY","5061","CITY OF UNLEY",2,1,0,0,1,2015,"February","Tuesday","05:05 pm","060","Cross Road","Straight road","Level","Not Applicable","Sealed","Dry","Not Raining","Daylight","Side Swipe","01","Driver Rider","2: MI","Stop Sign","","",1329081.36,1668145.84,"13290811668146"
"2015-1726-27/05/2021","2 Metropolitan","MYLOR","5153","THE ADELAIDE HILLS COUNCIL",2,1,0,1,0,2015,"January","Thursday","07:10 pm","080","Not Divided","CURVED, VIEW OBSCURED","Slope","Not Applicable","Sealed","Dry","Not Raining","Daylight","Rear End","01","Driver Rider","3: SI","No Control","","",1340533.72,1657782.66,"13405341657783"
"2015-1727-27/05/2021","3 Country","GLENBURNIE","5291","DISTRICT COUNCIL OF GRANT",2,0,0,0,0,2015,"February","Sunday","07:00 pm","080","T-Junction","CURVED, VIEW OBSCURED","Level","Not Applicable","Unsealed","Wet","Raining","Night","Hit Fixed Object","01","Driver Rider","1: PDO","No Control","","",1523930.78,1340967.71,"15239311340968"
"2015-1728-27/05/2021","2 Metropolitan","WINGFIELD","5013","CITY OF PORT ADELAIDE ENFIELD",2,0,0,0,0,2015,"February","Tuesday","05:00 pm","090","Freeway","Straight road","Level","Not Applicable","Sealed","Dry","Not Raining","Daylight","Rear End","01","Driver Rider","1: PDO","No Control","","",1326194.21,1681075.85,"13261941681076"
"2015-1729-27/05/2021","3 Country","COCKATOO VALLEY","5351","THE BAROSSA COUNCIL.",2,0,0,0,0,2015,"February","Tuesday","05:15 pm","080","T-Junction","Straight road","Crest of Hill","Not Applicable","Sealed","Dry","Not Raining","Daylight","Rear End","02","Driver Rider","1: PDO","No Control","","",1352070.8,1703135.24,"13520711703135"
"2015-1730-27/05/2021","2 Metropolitan","SALISBURY DOWNS","5108","CITY OF SALISBURY",2,0,0,0,0,2015,"February","Wednesday","06:55 pm","060","Cross Road","Straight road","Level","Not Applicable","Sealed","Dry","Not Raining","Daylight","Right Angle","01","Driver Rider","1: PDO","Roundabout","","",1330533.89,1687541.31,"13305341687541"
"2015-1731-27/05/2021","2 Metropolitan","NORWOOD","5067","CC OF NORWOOD,PAYNEHAM & ST PETERS",2,1,0,0,1,2015,"February","Wednesday","06:20 pm","060","Cross Road","CURVED, VIEW OPEN","Level","Not Applicable","Sealed","Dry","Not Raining","Daylight","Right Angle","02","Driver Rider","2: MI","Roundabout","","",1330623.32,1670361.88,"13306231670362"
"2015-1732-27/05/2021","3 Country","NURIOOTPA","5355","THE BAROSSA COUNCIL.",2,0,0,0,0,2015,"February","Wednesday","04:35 pm","080","T-Junction","CURVED, VIEW OPEN","Level","Not Applicable","Sealed","Dry","Not Raining","Daylight","Side Swipe","01","Driver Rider","1: PDO","No Control","Y","",1367296.27,1718518.34,"13672961718518"
"2015-1733-27/05/2021","2 Metropolitan","RICHMOND","5033","CITY OF WEST TORRENS",2,1,0,0,1,2015,"February","Wednesday","03:45 pm","050","Cross Road","Straight road","Level","Not Applicable","Sealed","Dry","Not Raining","Daylight","Right Angle","02","Driver Rider","2: MI","Give Way Sign","","",1324764.4,1669573.83,"13247641669574"
"2015-1734-27/05/2021","2 Metropolitan","PORT NOARLUNGA SOUTH","5167","CITY OF ONKAPARINGA",2,0,0,0,0,2015,"February","Wednesday","07:40 pm","050","Not Divided","Straight road","Level","Not Applicable","Sealed","Dry","Not Raining","Daylight","Hit Parked Vehicle","01","Driver Rider","1: PDO","No Control","","",1315824.92,1644483.07,"13158251644483"
"2015-1735-27/05/2021","2 Metropolitan","EDEN HILLS","5050","CC MITCHAM.                   ",3,1,0,0,1,2015,"February","Wednesday","03:45 pm","060","Divided Road","Straight road","Level","Not Applicable","Sealed","Dry","Not Raining","Daylight","Rear End","01","Driver Rider","2: MI","No Control","","",1328018.75,1659396.54,"13280191659397"
"2015-1736-27/05/2021","2 Metropolitan","PROSPECT","5082","CITY OF PROSPECT",2,0,0,0,0,2015,"February","Wednesday","04:00 pm","060","Cross Road","Straight road","Level","Unknown","Sealed","Dry","Not Raining","Daylight","Rear End","02","Driver Rider","1: PDO","Traffic Signals","","",1328059.86,1676413.62,"13280601676414"
"2015-1737-27/05/2021","2 Metropolitan","WEST BEACH","5024","CITY OF CHARLES STURT",2,0,0,0,0,2015,"February","Wednesday","05:15 pm","050","Divided Road","Straight road","Level","Not Applicable","Sealed","Dry","Not Raining","Daylight","Hit Parked Vehicle","01","Driver Rider","1: PDO","No Control","","",1319843.75,1668369.86,"13198441668370"
"2015-1738-27/05/2021","1 City","ADELAIDE","5000","CITY OF ADELAIDE",3,1,0,0,1,2015,"February","Wednesday","05:10 pm","060","T-Junction","Straight road","Level","Not Applicable","Sealed","Dry","Not Raining","Daylight","Rear End","01","Driver Rider","2: MI","Traffic Signals","","",1327400.68,1669848.2,"13274011669848"
"2015-1739-27/05/2021","1 City","ADELAIDE","5000","CITY OF ADELAIDE",2,0,0,0,0,2015,"February","Monday","04:32 pm","050","T-Junction","Straight road","Level","Not Applicable","Sealed","Dry","Not Raining","Daylight","Hit Fixed Object","01","Driver Rider","1: PDO","Traffic Signals","Y","",1328147.62,1671123.44,"13281481671123"
"2015-1740-27/05/2021","2 Metropolitan","FULHAM GARDENS","5024","CITY OF CHARLES STURT",4,1,0,0,1,2015,"February","Wednesday","05:30 pm","060","Divided Road","Straight road","Slope","Not Applicable","Sealed","Dry","Not Raining","Daylight","Rear End","01","Driver Rider","2: MI","No Control","","",1320022.23,1673055.35,"13200221673055"
"2015-1741-27/05/2021","2 Metropolitan","HILLBANK","5112","CITY OF PLAYFORD.",2,0,0,0,0,2015,"February","Wednesday","10:45 pm","080","Cross Road","Straight road","Level","Not Applicable","Sealed","Dry","Not Raining","Night","Right Turn","02","Driver Rider","1: PDO","Traffic Signals","","",1336151.65,1690847.38,"13361521690847"
"2015-1742-27/05/2021","2 Metropolitan","ALDINGA BEACH","5173","CITY OF ONKAPARINGA",2,0,0,0,0,2015,"February","Wednesday","10:50 pm","060","Not Divided","CURVED, VIEW OPEN","Level","Not Applicable","Sealed","Dry","Not Raining","Night","Hit Fixed Object","01","Driver Rider","1: PDO","No Control","","",1312936.95,1632216.75,"13129371632217"
"2015-1743-27/05/2021","3 Country","TUMBY BAY","5605","DC TUMBY BAY.                 ",2,0,0,0,0,2015,"February","Tuesday","11:30 pm","110","Not Divided","CURVED, VIEW OBSCURED","Level","Not Applicable","Sealed","Dry","Not Raining","Night","Hit Fixed Object","01","Driver Rider","1: PDO","No Control","","",1101940.07,1742106.55,"11019401742107"
"2015-1744-27/05/2021","2 Metropolitan","REGENCY PARK","5010","CITY OF PORT ADELAIDE ENFIELD",2,1,0,0,1,2015,"February","Thursday","06:00 am","060","T-Junction","Straight road","Level","Not Applicable","Sealed","Dry","Not Raining","Night","Right Turn","02","Driver Rider","2: MI","Traffic Signals","","",1326449.2,1676384.02,"13264491676384"
"2015-1745-27/05/2021","2 Metropolitan","NOARLUNGA DOWNS","5168","CITY OF ONKAPARINGA",1,0,0,0,0,2015,"February","Thursday","01:30 am","050","T-Junction","CURVED, VIEW OPEN","Slope","Not Applicable","Sealed","Dry","Not Raining","Night","Other","01","Driver Rider","1: PDO","No Control","","",1318507.22,1646068.55,"13185071646069"
"2015-1746-27/05/2021","2 Metropolitan","STURT","5047","CC MARION.                    ",2,1,0,0,1,2015,"February","Wednesday","12:30 pm","060","Divided Road","Straight road","Level","Not Applicable","Sealed","Dry","Not Raining","Daylight","Hit Parked Vehicle","01","Driver Rider","2: MI","No Control","","",1323988.44,1660663.04,"13239881660663"
"2015-1747-27/05/2021","2 Metropolitan","ROYAL PARK","5014","CITY OF CHARLES STURT",2,2,0,0,2,2015,"February","Wednesday","02:00 pm","060","Cross Road","Straight road","Level","Not Applicable","Sealed","Dry","Not Raining","Daylight","Right Angle","02","Driver Rider","2: MI","Traffic Signals","","",1319873.46,1676055.11,"13198731676055"
"2015-1748-27/05/2021","2 Metropolitan","BIRKENHEAD","5015","CITY OF PORT ADELAIDE ENFIELD",2,0,0,0,0,2015,"February","Thursday","06:50 am","050","Cross Road","Straight road","Level","Not Applicable","Sealed","Dry","Not Raining","Daylight","Rear End","02","Driver Rider","1: PDO","Give Way Sign","","",1319531.38,1680493.26,"13195311680493"
"2015-1749-27/05/2021","2 Metropolitan","ALDINGA","5173","CITY OF ONKAPARINGA",2,0,0,0,0,2015,"February","Thursday","07:50 am","080","T-Junction","Straight road","Level","Not Applicable","Sealed","Dry","Not Raining","Daylight","Rear End","02","Driver Rider","1: PDO","No Control","","",1316640.72,1632298.22,"13166411632298"
"2015-1750-27/05/2021","3 Country","PORT LINCOLN","5606","CC PT.LINCOLN.                ",2,1,0,0,1,2015,"February","Thursday","07:20 am","050","Not Divided","Straight road","Level","Not Applicable","Sealed","Dry","Not Raining","Daylight","Rear End","01","Driver Rider","2: MI","No Control","","",1078127.79,1696096.86,"10781281696097"
"2015-1751-27/05/2021","3 Country","MOUNT GAMBIER","5290","CC MT.GAMBIER.                ",2,0,0,0,0,2015,"February","Thursday","08:25 am","060","Not Divided","CURVED, VIEW OPEN","Level","Driveway or Entrance","Sealed","Dry","Not Raining","Daylight","Right Angle","01","Driver Rider","1: PDO","No Control","","",1507589.89,1340328.2,"15075901340328"
"2015-1752-27/05/2021","2 Metropolitan","STIRLING","5152","THE ADELAIDE HILLS COUNCIL",2,0,0,0,0,2015,"February","Wednesday","06:10 pm","060","Cross Road","Straight road","Level","Not Applicable","Sealed","Dry","Not Raining","Daylight","Right Angle","02","Driver Rider","1: PDO","Roundabout","","",1338787.87,1661686.74,"13387881661687"
"2015-1753-27/05/2021","2 Metropolitan","GREEN FIELDS","5107","CITY OF SALISBURY",3,0,0,0,0,2015,"February","Wednesday","05:15 pm","080","Divided Road","Straight road","Level","Not Applicable","Sealed","Dry","Not Raining","Daylight","Rear End","01","Driver Rider","1: PDO","No Control","","",1328667.15,1685224.7,"13286671685225"
"2015-1754-27/05/2021","2 Metropolitan","KERSBROOK","5231","THE ADELAIDE HILLS COUNCIL",2,0,0,0,0,2015,"February","Thursday","06:15 am","100","Not Divided","Straight road","Level","Not Applicable","Sealed","Dry","Not Raining","Daylight","Hit Animal","02","Animal","1: PDO","No Control","","",1353904.69,1686690.65,"13539051686691"
"2015-1755-27/05/2021","3 Country","WEPAR","5278","DISTRICT COUNCIL OF GRANT",2,1,0,0,1,2015,"February","Thursday","06:45 am","100","Not Divided","CURVED, VIEW OPEN","Level","Not Applicable","Sealed","Dry","Not Raining","Daylight","Roll Over","01","Driver Rider","2: MI","No Control","","",1507414.57,1363678.67,"15074151363679"
"2015-1756-27/05/2021","2 Metropolitan","SEATON","5023","CITY OF CHARLES STURT",2,0,0,0,0,2015,"February","Thursday","08:00 am","060","T-Junction","Straight road","Level","Not Applicable","Sealed","Dry","Not Raining","Daylight","Side Swipe","02","Driver Rider","1: PDO","Traffic Signals","","",1319956.69,1673059.61,"13199571673060"
"2015-1757-27/05/2021","2 Metropolitan","GRANGE","5022","CITY OF CHARLES STURT",2,0,0,0,0,2015,"February","Thursday","08:40 am","060","T-Junction","Straight road","Level","Not Applicable","Sealed","Dry","Not Raining","Daylight","Side Swipe","02","Driver Rider","1: PDO","No Control","","",1319951.98,1673354.8,"13199521673355"
"2015-1758-27/05/2021","2 Metropolitan","ALDGATE","5154","THE ADELAIDE HILLS COUNCIL",2,1,0,0,1,2015,"February","Thursday","09:00 am","060","Divided Road","CURVED, VIEW OPEN","Level","Driveway or Entrance","Sealed","Dry","Not Raining","Daylight","Right Angle","01","Driver Rider","2: MI","No Control","","",1341749.13,1660069.8,"13417491660070"
"2015-1759-27/05/2021","3 Country","MURRAY BRIDGE","5253","RC MURRAY BRIDGE.             ",2,0,0,0,0,2015,"February","Thursday","09:00 am","050","Cross Road","Straight road","Level","Not Applicable","Sealed","Dry","Not Raining","Daylight","Right Angle","01","Driver Rider","1: PDO","Give Way Sign","","",1388681.64,1646475.9,"13886821646476"
"2015-1760-27/05/2021","2 Metropolitan","HAZELWOOD PARK","5066","CITY OF BURNSIDE",2,0,0,0,0,2015,"February","Thursday","08:15 am","050","Not Divided","Straight road","Level","Driveway or Entrance","Sealed","Dry","Not Raining","Daylight","Right Angle","01","Driver Rider","1: PDO","No Control","","",1333573.92,1668518.63,"13335741668519"
"2015-1761-27/05/2021","2 Metropolitan","PARAFIELD GARDENS","5107","CITY OF SALISBURY",2,1,0,0,1,2015,"February","Thursday","07:53 am","060","T-Junction","Straight road","Level","Not Applicable","Sealed","Dry","Not Raining","Daylight","Right Turn","02","Driver Rider","2: MI","Traffic Signals","","",1330688.17,1685868.15,"13306881685868"
"2015-1762-27/05/2021","2 Metropolitan","ETHELTON","5015","CITY OF PORT ADELAIDE ENFIELD",2,0,0,0,0,2015,"February","Wednesday","11:15 pm","050","Not Divided","Straight road","Level","Not Applicable","Sealed","Dry","Not Raining","Night","Hit Parked Vehicle","01","Driver Rider","1: PDO","No Control","","",1318932.59,1679438.67,"13189331679439"
"2015-1763-27/05/2021","2 Metropolitan","POORAKA","5095","CITY OF SALISBURY",3,1,0,0,1,2015,"February","Thursday","08:30 am","070","Divided Road","Straight road","Level","Not Applicable","Sealed","Dry","Not Raining","Daylight","Rear End","01","Driver Rider","2: MI","No Control","","",1330621.34,1681983.61,"13306211681984"
"2015-1764-27/05/2021","1 City","ADELAIDE","5000","CITY OF ADELAIDE",2,0,0,0,0,2015,"February","Thursday","11:45 am","060","Cross Road","Straight road","Level","Not Applicable","Sealed","Dry","Not Raining","Daylight","Rear End","02","Driver Rider","1: PDO","Traffic Signals","","",1327373.53,1670801.56,"13273741670802"
"2015-1765-27/05/2021","2 Metropolitan","POORAKA","5095","CITY OF SALISBURY",3,0,0,0,0,2015,"February","Thursday","08:20 am","070","Divided Road","Straight road","Level","Not Applicable","Sealed","Dry","Not Raining","Daylight","Rear End","01","Driver Rider","1: PDO","No Control","","",1330616.83,1681977.84,"13306171681978"
"2015-1766-27/05/2021","2 Metropolitan","SALISBURY EAST","5109","CITY OF SALISBURY",3,2,0,0,2,2015,"February","Thursday","12:25 pm","060","Cross Road","Straight road","Level","Not Applicable","Sealed","Dry","Not Raining","Daylight","Rear End","01","Driver Rider","2: MI","Traffic Signals","","",1333289.2,1685362.95,"13332891685363"
"2015-1767-27/05/2021","1 City","ADELAIDE","5000","CITY OF ADELAIDE",2,0,0,0,0,2015,"February","Thursday","12:30 pm","050","Not Divided","Straight road","Level","Not Applicable","Sealed","Dry","Not Raining","Daylight","Hit Parked Vehicle","02","Driver Rider","1: PDO","No Control","","",1327986.01,1670966.3,"13279861670966"
"2015-1768-27/05/2021","2 Metropolitan","PORT ADELAIDE","5015","CITY OF PORT ADELAIDE ENFIELD",2,1,0,0,1,2015,"February","Thursday","12:05 pm","060","Divided Road","Straight road","Level","Not Applicable","Sealed","Dry","Not Raining","Daylight","Side Swipe","02","Driver Rider","2: MI","No Control","","",1320468.74,1679351.54,"13204691679352"
"2015-1769-27/05/2021","2 Metropolitan","DRY CREEK","5094","CITY OF SALISBURY",2,0,0,0,0,2015,"February","Thursday","01:15 pm","080","T-Junction","Straight road","Level","Not Applicable","Sealed","Dry","Not Raining","Daylight","Rear End","02","Driver Rider","1: PDO","Traffic Signals","","",1328672.58,1683237.82,"13286731683238"
"2015-1770-27/05/2021","2 Metropolitan","SHEIDOW PARK","5158","CC MARION.                    ",2,1,0,0,1,2015,"February","Thursday","07:45 am","050","Not Divided","Straight road","Level","Not Applicable","Sealed","Dry","Not Raining","Daylight","Hit Parked Vehicle","01","Driver Rider","2: MI","No Control","","",1320954.09,1653382.43,"13209541653382"
"2015-1771-27/05/2021","2 Metropolitan","SALISBURY NORTH","5108","CITY OF SALISBURY",2,1,0,0,1,2015,"February","Thursday","12:40 pm","050","T-Junction","Straight road","Level","Not Applicable","Sealed","Dry","Not Raining","Daylight","Hit Parked Vehicle","01","Driver Rider","2: MI","No Control","","Y",1332161.49,1689615.02,"13321611689615"
"2015-1772-27/05/2021","2 Metropolitan","GLYNDE","5070","CC OF NORWOOD,PAYNEHAM & ST PETERS",2,1,0,0,1,2015,"February","Thursday","09:00 am","060","T-Junction","Straight road","Level","Not Applicable","Sealed","Dry","Not Raining","Daylight","Right Turn","01","Driver Rider","2: MI","Stop Sign","","",1333097.73,1674208.5,"13330981674209"
"2015-1773-27/05/2021","2 Metropolitan","DUDLEY PARK","5008","CITY OF PORT ADELAIDE ENFIELD",2,1,0,0,1,2015,"February","Thursday","09:10 am","050","Cross Road","Straight road","Level","Not Applicable","Sealed","Dry","Not Raining","Daylight","Right Turn","02","Driver Rider","2: MI","Stop Sign","","",1327093.84,1675576.47,"13270941675576"
"2015-1774-27/05/2021","2 Metropolitan","BEDFORD PARK","5042","CC MITCHAM.                   ",2,0,0,0,0,2015,"February","Wednesday","04:40 pm","070","Cross Road","Straight road","Slope","Not Applicable","Sealed","Dry","Not Raining","Daylight","Rear End","02","Driver Rider","1: PDO","Traffic Signals","","",1325415.07,1660698.62,"13254151660699"
"2015-1775-27/05/2021","2 Metropolitan","SALISBURY EAST","5109","CITY OF SALISBURY",2,1,0,1,0,2015,"January","Monday","12:45 pm","080","Divided Road","Straight road","Level","Not Applicable","Sealed","Dry","Not Raining","Daylight","Rear End","01","Driver Rider","3: SI","No Control","","",1333903.97,1686168.94,"13339041686169"
"2015-1776-27/05/2021","2 Metropolitan","NEW PORT","5015","CITY OF PORT ADELAIDE ENFIELD",2,0,0,0,0,2015,"February","Thursday","07:45 am","060","Not Divided","Straight road","Level","Not Applicable","Sealed","Dry","Not Raining","Daylight","Rear End","02","Driver Rider","1: PDO","No Control","","",1319181.68,1679217.32,"13191821679217"
"2015-1777-27/05/2021","2 Metropolitan","CAREY GULLY","5144","THE ADELAIDE HILLS COUNCIL",2,0,0,0,0,2015,"February","Wednesday","03:10 pm","080","Not Divided","CURVED, VIEW OBSCURED","Level","Not Applicable","Sealed","Dry","Not Raining","Daylight","Head On","01","Driver Rider","1: PDO","No Control","","",1342139.42,1665968.7,"13421391665969"
"2015-1778-27/05/2021","2 Metropolitan","WAYVILLE","5034","CITY OF UNLEY",2,1,0,0,1,2015,"February","Thursday","02:20 pm","060","Cross Road","Straight road","Level","Not Applicable","Sealed","Dry","Not Raining","Daylight","Rear End","02","Driver Rider","2: MI","Traffic Signals","","",1327426.25,1668913.54,"13274261668914"