"REPORT_ID","Stats Area","Suburb","Postcode","LGA Name","Total Units","Total Cas","Total Fats","Total SI","Total MI","Year","Month","Day","Time","Area Speed","Position Type","Horizontal Align","Vertical Align","Other Feat","Road Surface","Moisture Cond","Weather Cond","DayNight","Crash Type","Unit Resp","Entity Code","CSEF Severity","Traffic Ctrls","DUI Involved","Drugs Involved","ACCLOC_X","ACCLOC_Y","UNIQUE_LOC"
"2015-4770-27/05/2021","3 Country","PORT AUGUSTA","5700","CC PT.AUGUSTA.                ",2,0,0,0,0,2015,"April","Thursday","08:30 am","050","T-Junction","CURVED, VIEW OPEN","Level","Not Applicable","Sealed","Wet","Raining","Daylight","Hit Fixed Object","01","Driver Rider","1: PDO","No Control","Y","",1258771.61,1942325.95,"12587721942326"
"2015-4771-27/05/2021","2 Metropolitan","ST MARYS","5042","CC MITCHAM.                   ",2,0,0,0,0,2015,"April","Thursday","10:55 pm","060","Cross Road","Straight road","Level","Not Applicable","Sealed","Wet","Raining","Night","Hit Fixed Object","01","Driver Rider","1: PDO","Traffic Signals","Y","",1325962.44,1663322.78,"13259621663323"
"2015-4772-27/05/2021","3 Country","LYNDOCH","5351","THE BAROSSA COUNCIL.",2,1,0,0,1,2015,"April","Friday","01:30 am","090","Not Divided","CURVED, VIEW OPEN","Slope","Not Applicable","Sealed","Wet","Raining","Night","Hit Fixed Object","01","Driver Rider","2: MI","No Control","","Y",1353128.64,1706232.65,"13531291706233"
"2015-4773-27/05/2021","3 Country","PORT LINCOLN","5606","CC PT.LINCOLN.                ",1,0,0,0,0,2015,"April","Friday","03:30 am","050","Not Divided","Straight road","Level","Not Applicable","Unsealed","Wet","Raining","Night","Roll Over","01","Driver Rider","1: PDO","No Control","","",1080612.31,1696947.53,"10806121696948"
"2015-4774-27/05/2021","2 Metropolitan","CHRISTIE DOWNS","5164","CITY OF ONKAPARINGA",2,1,0,0,1,2015,"April","Thursday","02:10 pm","070","T-Junction","Straight road","Level","Not Applicable","Sealed","Wet","Raining","Daylight","Right Angle","02","Driver Rider","2: MI","No Control","","",1318062.84,1648616.43,"13180631648616"
"2015-4775-27/05/2021","2 Metropolitan","MEDINDIE","5081","WALKERVILLE TOWN COUNCIL",2,0,0,0,0,2015,"April","Thursday","04:05 pm","060","Divided Road","Straight road","Level","Driveway or Entrance","Sealed","Wet","Not Raining","Daylight","Rear End","01","Driver Rider","1: PDO","No Control","","",1329142.55,1674228.35,"13291431674228"
"2015-4776-27/05/2021","2 Metropolitan","BURTON","5110","CITY OF SALISBURY",2,1,0,0,1,2015,"April","Friday","07:50 am","050","Not Divided","CURVED, VIEW OPEN","Level","Not Applicable","Sealed","Wet","Not Raining","Daylight","Hit Fixed Object","01","Driver Rider","2: MI","No Control","","",1329090.77,1691100.07,"13290911691100"
"2015-4777-27/05/2021","2 Metropolitan","HOLDEN HILL","5088","CITY OF PORT ADELAIDE ENFIELD",4,0,0,0,0,2015,"April","Thursday","09:05 am","060","Divided Road","Straight road","Slope","Driveway or Entrance","Sealed","Wet","Raining","Daylight","Rear End","01","Driver Rider","1: PDO","No Control","","",1334364.38,1678357.06,"13343641678357"
"2015-4778-27/05/2021","2 Metropolitan","PENFIELD GARDENS","5121","CITY OF PLAYFORD.",2,2,0,0,2,2015,"April","Thursday","06:20 pm","080","Cross Road","Straight road","Level","Not Applicable","Sealed","Wet","Raining","Night","Right Turn","01","Driver Rider","2: MI","Stop Sign","","",1333134.46,1700544.36,"13331341700544"
"2015-4779-27/05/2021","2 Metropolitan","SALISBURY DOWNS","5108","CITY OF SALISBURY",2,0,0,0,0,2015,"April","Friday","07:00 am","050","T-Junction","Straight road","Level","Not Applicable","Sealed","Wet","Raining","Daylight","Hit Fixed Object","01","Driver Rider","1: PDO","Roundabout","","",1331214.34,1688375.77,"13312141688376"
"2015-4780-27/05/2021","2 Metropolitan","PARAFIELD GARDENS","5107","CITY OF SALISBURY",2,0,0,0,0,2015,"April","Thursday","08:00 pm","060","Cross Road","Straight road","Level","Not Applicable","Sealed","Wet","Raining","Night","Right Angle","01","Driver Rider","1: PDO","Roundabout","","",1329779.29,1686588.74,"13297791686589"
"2015-4781-27/05/2021","2 Metropolitan","SEATON","5023","CITY OF CHARLES STURT",2,0,0,0,0,2015,"April","Thursday","06:00 pm","060","T-Junction","Straight road","Level","Not Applicable","Sealed","Wet","Raining","Night","Right Turn","02","Driver Rider","1: PDO","Traffic Signals","","",1319956.69,1673059.61,"13199571673060"
"2015-4782-27/05/2021","2 Metropolitan","ELIZABETH PARK","5113","CITY OF PLAYFORD.",3,1,0,0,1,2015,"April","Thursday","02:40 pm","060","Divided Road","CURVED, VIEW OPEN","Level","Not Applicable","Sealed","Wet","Raining","Daylight","Hit Parked Vehicle","01","Driver Rider","2: MI","No Control","","Y",1336653.48,1693645.15,"13366531693645"
"2015-4783-27/05/2021","2 Metropolitan","EDINBURGH","5111","CITY OF SALISBURY",2,1,0,0,1,2015,"April","Thursday","12:48 pm","060","T-Junction","Straight road","Level","Not Applicable","Sealed","Wet","Raining","Daylight","Right Angle","01","Driver Rider","2: MI","Give Way Sign","","",1332821.12,1692499.59,"13328211692500"
"2015-4784-27/05/2021","3 Country","WHYALLA NORRIE","5608","CC WHYALLA.                   ",2,1,0,0,1,2015,"April","Friday","09:30 am","060","T-Junction","Straight road","Level","Not Applicable","Sealed","Wet","Not Raining","Daylight","Right Angle","01","Driver Rider","2: MI","No Control","","",1236883.03,1882478.4,"12368831882478"
"2015-4785-27/05/2021","2 Metropolitan","RIDLEYTON","5008","CITY OF CHARLES STURT",2,1,0,0,1,2015,"April","Friday","10:55 am","060","Divided Road","Straight road","Level","Not Applicable","Sealed","Dry","Not Raining","Daylight","Side Swipe","01","Driver Rider","2: MI","No Control","","",1325603.12,1674009.28,"13256031674009"
"2015-4786-27/05/2021","2 Metropolitan","WINDSOR GARDENS","5087","CITY OF PORT ADELAIDE ENFIELD",2,0,0,0,0,2015,"April","Friday","02:25 am","050","Not Divided","Straight road","Level","Not Applicable","Sealed","Wet","Raining","Night","Hit Parked Vehicle","02","Driver Rider","1: PDO","No Control","","",1334485.75,1677921.75,"13344861677922"
"2015-4787-27/05/2021","2 Metropolitan","HIGHBURY","5089","CITY OF TEA TREE GULLY",2,0,0,0,0,2015,"April","Friday","11:40 am","050","Not Divided","Straight road","Level","Not Applicable","Sealed","Wet","Raining","Daylight","Hit Parked Vehicle","01","Driver Rider","1: PDO","No Control","","",1338191.17,1678336.11,"13381911678336"
"2015-4788-27/05/2021","3 Country","WILLIAMSTOWN","5351","THE BAROSSA COUNCIL.",2,0,0,0,0,2015,"April","Thursday","06:30 am","080","Not Divided","Straight road","Level","Not Applicable","Sealed","Dry","Not Raining","Night","Hit Animal","02","Animal","1: PDO","No Control","","",1353070.57,1701258.11,"13530711701258"
"2015-4789-27/05/2021","2 Metropolitan","SMITHFIELD","5114","CITY OF PLAYFORD.",2,0,0,0,0,2015,"April","Thursday","04:00 pm","080","Divided Road","Straight road","Level","Not Applicable","Sealed","Wet","Raining","Daylight","Rear End","02","Driver Rider","1: PDO","No Control","","",1338105.65,1697526.87,"13381061697527"
"2015-4790-27/05/2021","2 Metropolitan","PENFIELD","5121","CITY OF PLAYFORD.",2,1,0,1,0,2015,"April","Friday","07:15 am","090","Not Divided","Straight road","Level","Not Applicable","Sealed","Dry","Not Raining","Daylight","Head On","02","Driver Rider","3: SI","No Control","","",1329791.64,1694642.92,"13297921694643"
"2015-4791-27/05/2021","2 Metropolitan","SMITHFIELD","5114","CITY OF PLAYFORD.",2,0,0,0,0,2015,"April","Thursday","04:00 pm","060","Cross Road","Straight road","Level","Not Applicable","Sealed","Wet","Raining","Daylight","Rear End","02","Driver Rider","1: PDO","Traffic Signals","","",1337639.53,1696642.01,"13376401696642"
"2015-4792-27/05/2021","2 Metropolitan","WEST BEACH","5024","CITY OF WEST TORRENS",2,0,0,0,0,2015,"April","Friday","01:00 pm","080","T-Junction","Straight road","Level","Not Applicable","Sealed","Dry","Not Raining","Daylight","Rear End","02","Driver Rider","1: PDO","No Control","","",1320891.53,1669751.57,"13208921669752"
"2015-4793-27/05/2021","2 Metropolitan","ST MARYS","5042","CC MITCHAM.                   ",3,0,0,0,0,2015,"April","Friday","12:15 pm","060","Divided Road","Straight road","Level","Not Applicable","Sealed","Dry","Not Raining","Daylight","Rear End","01","Driver Rider","1: PDO","No Control","","",1325981.24,1662375.82,"13259811662376"
"2015-4794-27/05/2021","2 Metropolitan","HAMPSTEAD GARDENS","5086","CITY OF PORT ADELAIDE ENFIELD",2,0,0,0,0,2015,"April","Friday","01:30 pm","060","T-Junction","Straight road","Level","Not Applicable","Sealed","Wet","Raining","Daylight","Rear End","02","Driver Rider","1: PDO","Stop Sign","","",1331523.2,1676587.57,"13315231676588"
"2015-4795-27/05/2021","2 Metropolitan","THEBARTON","5031","CITY OF WEST TORRENS",3,1,0,0,1,2015,"April","Friday","01:40 pm","050","Not Divided","Straight road","Level","Not Applicable","Sealed","Dry","Not Raining","Daylight","Right Turn","01","Driver Rider","2: MI","No Control","","",1325499.51,1672013.18,"13255001672013"
"2015-4796-27/05/2021","3 Country","APY","872",,1,0,0,0,0,2015,"April","Friday","12:40 pm","110","Not Divided","Straight road","Level","Not Applicable","Sealed","Dry","Not Raining","Daylight","Roll Over","01","Driver Rider","1: PDO","No Control","Y","",833515.88,2574272.78,"08335162574273"
"2015-4797-27/05/2021","2 Metropolitan","MAGILL","5072","CC CAMPBELLTOWN.              ",2,2,0,0,2,2015,"April","Friday","02:10 pm","060","T-Junction","Straight road","Level","Not Applicable","Sealed","Dry","Not Raining","Daylight","Right Angle","01","Driver Rider","2: MI","No Control","","",1335454.04,1672931.35,"13354541672931"
"2015-4798-27/05/2021","3 Country","WALLAROO","5556","COPPER COAST DISTRICT COUNCIL",2,0,0,0,0,2015,"April","Friday","01:30 pm","050","Cross Road","Straight road","Slope","Not Applicable","Sealed","Dry","Not Raining","Daylight","Right Angle","02","Driver Rider","1: PDO","Give Way Sign","","",1243079.96,1783761.87,"12430801783762"
"2015-4799-27/05/2021","3 Country","FLINDERS CHASE","5223","KANGAROO ISLAND COUNCIL",1,2,0,0,2,2015,"April","Friday","03:00 pm","100","Not Divided","CURVED, VIEW OPEN","Level","Unknown","Unsealed","Wet","Raining","Daylight","Roll Over","01","Driver Rider","2: MI","No Control","","",1159805.86,1578353.33,"11598061578353"
"2015-4800-27/05/2021","2 Metropolitan","ST MARYS","5042","CC MITCHAM.                   ",2,0,0,0,0,2015,"April","Friday","01:00 pm","050","Not Divided","Straight road","Level","Driveway or Entrance","Sealed","Dry","Not Raining","Daylight","Side Swipe","01","Driver Rider","1: PDO","No Control","","",1326056.08,1663185.81,"13260561663186"
"2015-4801-27/05/2021","2 Metropolitan","HAPPY VALLEY","5159","CITY OF ONKAPARINGA",2,0,0,0,0,2015,"April","Thursday","08:30 pm","080","Cross Road","Straight road","Level","Not Applicable","Sealed","Wet","Raining","Night","Rear End","02","Driver Rider","1: PDO","Traffic Signals","Y","",1323446.95,1654232.01,"13234471654232"
"2015-4802-27/05/2021","2 Metropolitan","NORTH BRIGHTON","5048","CITY OF HOLDFAST BAY",2,1,0,1,0,2015,"April","Wednesday","08:25 pm","060","Not Divided","CURVED, VIEW OBSCURED","Level","Not Applicable","Sealed","Dry","Not Raining","Night","Hit Fixed Object","01","Driver Rider","3: SI","No Control","","",1320734.08,1662181.93,"13207341662182"
"2015-4803-27/05/2021","2 Metropolitan","FINDON","5023","CITY OF CHARLES STURT",2,0,0,0,0,2015,"April","Thursday","10:00 pm","050","Cross Road","Straight road","Level","Not Applicable","Sealed","Wet","Raining","Night","Hit Fixed Object","01","Driver Rider","1: PDO","Roundabout","","",1321752.16,1674247.77,"13217521674248"
"2015-4804-27/05/2021","2 Metropolitan","NORWOOD","5067","CC OF NORWOOD,PAYNEHAM & ST PETERS",2,1,0,0,1,2015,"April","Thursday","03:30 pm","060","Divided Road","Straight road","Level","Not Applicable","Sealed","Wet","Raining","Daylight","Rear End","02","Driver Rider","2: MI","No Control","","",1331131.16,1671052.26,"13311311671052"
"2015-4805-27/05/2021","2 Metropolitan","MELROSE PARK","5039","CC MITCHAM.                   ",2,0,0,0,0,2015,"April","Thursday","04:15 pm","060","T-Junction","Straight road","Level","Not Applicable","Sealed","Wet","Raining","Daylight","Rear End","01","Driver Rider","1: PDO","No Control","","",1325924.74,1664529.81,"13259251664530"
"2015-4806-27/05/2021","3 Country","STRATHALBYN","5255","ALEXANDRINA COUNCIL",2,0,0,0,0,2015,"April","Friday","04:30 pm","100","Not Divided","Straight road","Level","Not Applicable","Sealed","Wet","Raining","Daylight","Hit Fixed Object","01","Driver Rider","1: PDO","No Control","","",1350939.02,1632064.12,"13509391632064"
"2015-4807-27/05/2021","2 Metropolitan","COWANDILLA","5033","CITY OF WEST TORRENS",3,0,0,0,0,2015,"April","Friday","03:15 pm","060","Cross Road","Straight road","Level","Not Applicable","Sealed","Dry","Not Raining","Daylight","Rear End","01","Driver Rider","1: PDO","Traffic Signals","","",1324135.56,1670033.53,"13241361670034"
"2015-4808-27/05/2021","2 Metropolitan","HAPPY VALLEY","5159","CITY OF ONKAPARINGA",2,0,0,0,0,2015,"April","Friday","05:30 am","070","Not Divided","CURVED, VIEW OPEN","Slope","Not Applicable","Sealed","Wet","Raining","Night","Hit Fixed Object","01","Driver Rider","1: PDO","No Control","","",1325836.01,1653244.47,"13258361653244"
"2015-4809-27/05/2021","2 Metropolitan","DRY CREEK","5094","CITY OF SALISBURY",2,1,0,0,1,2015,"April","Thursday","06:45 am","090","Freeway","Straight road","Level","Not Applicable","Sealed","Dry","Not Raining","Daylight","Rear End","02","Driver Rider","2: MI","No Control","","",1328580.53,1683178.56,"13285811683179"
"2015-4810-27/05/2021","2 Metropolitan","SURREY DOWNS","5126","CITY OF TEA TREE GULLY",2,0,0,0,0,2015,"April","Friday","03:00 pm","060","T-Junction","Straight road","Slope","Not Applicable","Sealed","Dry","Not Raining","Daylight","Right Angle","02","Driver Rider","1: PDO","No Control","","",1338383.45,1683578.82,"13383831683579"
"2015-4811-27/05/2021","1 City","NORTH ADELAIDE","5006","CITY OF ADELAIDE",3,0,0,0,0,2015,"April","Friday","06:15 pm","050","Divided Road","Straight road","Level","Not Applicable","Sealed","Wet","Raining","Night","Rear End","02","Driver Rider","1: PDO","No Control","","",1328210.15,1672791.88,"13282101672792"
"2015-4812-27/05/2021","2 Metropolitan","FULLARTON","5063","CITY OF UNLEY",2,0,0,0,0,2015,"April","Friday","04:00 pm","050","T-Junction","Straight road","Level","Not Applicable","Sealed","Wet","Raining","Daylight","Right Angle","01","Driver Rider","1: PDO","No Control","","",1331099.33,1667156.63,"13310991667157"
"2015-4813-27/05/2021","2 Metropolitan","HAPPY VALLEY","5159","CITY OF ONKAPARINGA",2,0,0,0,0,2015,"April","Tuesday","07:50 pm","080","Cross Road","Straight road","Slope","Not Applicable","Sealed","Dry","Not Raining","Night","Right Turn","02","Driver Rider","1: PDO","Traffic Signals","","",1323417.65,1654231,"13234181654231"
"2015-4814-27/05/2021","2 Metropolitan","MORPHETT VALE","5162","CITY OF ONKAPARINGA",2,0,0,0,0,2015,"April","Friday","09:00 pm","080","T-Junction","CURVED, VIEW OPEN","Level","Not Applicable","Sealed","Wet","Not Raining","Night","Hit Fixed Object","01","Driver Rider","1: PDO","Roundabout","","",1319650.97,1650821.49,"13196511650821"
"2015-4815-27/05/2021","2 Metropolitan","NOARLUNGA CENTRE","5168","CITY OF ONKAPARINGA",4,0,0,0,0,2015,"April","Friday","04:30 pm","070","Not Divided","CURVED, VIEW OPEN","Level","Not Applicable","Sealed","Wet","Raining","Daylight","Side Swipe","01","Driver Rider","1: PDO","No Control","","",1318845.27,1647009.96,"13188451647010"
"2015-4816-27/05/2021","2 Metropolitan","WARRADALE","5046","CC MARION.                    ",2,0,0,0,0,2015,"April","Thursday","08:00 pm","060","Cross Road","Straight road","Level","Not Applicable","Sealed","Wet","Raining","Night","Right Turn","02","Driver Rider","1: PDO","Traffic Signals","","",1322704.43,1663065.16,"13227041663065"
"2015-4817-27/05/2021","2 Metropolitan","GEPPS CROSS","5094","CITY OF PORT ADELAIDE ENFIELD",2,0,0,0,0,2015,"April","Friday","09:00 pm","060","Cross Road","Straight road","Level","Not Applicable","Sealed","Dry","Not Raining","Night","Rear End","02","Driver Rider","1: PDO","Traffic Signals","","",1327167.47,1679206.15,"13271671679206"
"2015-4818-27/05/2021","2 Metropolitan","WALKLEY HEIGHTS","5098","CITY OF SALISBURY",2,0,0,0,0,2015,"April","Friday","10:20 pm","060","T-Junction","Straight road","Level","Not Applicable","Sealed","Dry","Not Raining","Night","Hit Fixed Object","01","Driver Rider","1: PDO","Traffic Signals","","",1331258.29,1680682.96,"13312581680683"
"2015-4819-27/05/2021","3 Country","ROXBY DOWNS","5725","MC ROXBY DOWNS                ",2,0,0,0,0,2015,"April","Friday","11:50 pm","050","Not Divided","Straight road","Level","Not Applicable","Sealed","Dry","Not Raining","Night","Hit Fixed Object","01","Driver Rider","1: PDO","No Control","Y","",1181034.01,2157521.19,"11810342157521"
"2015-4820-27/05/2021","3 Country","LYNDOCH","5351","THE BAROSSA COUNCIL.",2,1,0,0,1,2015,"April","Friday","09:00 pm","050","T-Junction","Straight road","Slope","Not Applicable","Sealed","Dry","Not Raining","Night","Hit Fixed Object","01","Driver Rider","2: MI","No Control","Y","Y",1355329.78,1705590.29,"13553301705590"
"2015-4821-27/05/2021","2 Metropolitan","ALDGATE","5154","THE ADELAIDE HILLS COUNCIL",2,0,0,0,0,2015,"April","Saturday","12:38 am","060","T-Junction","Straight road","Slope","Not Applicable","Sealed","Wet","Not Raining","Night","Hit Fixed Object","01","Driver Rider","1: PDO","No Control","","",1339778.08,1661132.06,"13397781661132"
"2015-4822-27/05/2021","2 Metropolitan","HAPPY VALLEY","5159","CITY OF ONKAPARINGA",2,0,0,0,0,2015,"April","Saturday","01:00 am","070","Cross Road","Straight road","Level","Not Applicable","Sealed","Dry","Not Raining","Night","Hit Fixed Object","01","Driver Rider","1: PDO","Roundabout","Y","",1325603.37,1656854,"13256031656854"
"2015-4823-27/05/2021","1 City","ADELAIDE","5000","CITY OF ADELAIDE",2,0,0,0,0,2015,"April","Saturday","01:10 am","050","Cross Road","Straight road","Level","Not Applicable","Sealed","Dry","Not Raining","Night","Right Turn","01","Driver Rider","1: PDO","Traffic Signals","","",1327925.66,1670500.3,"13279261670500"
"2015-4824-27/05/2021","2 Metropolitan","WINGFIELD","5013","CITY OF PORT ADELAIDE ENFIELD",2,1,0,1,0,2015,"April","Friday","11:30 pm","060","Divided Road","Straight road","Level","Not Applicable","Sealed","Dry","Not Raining","Night","Hit Fixed Object","01","Driver Rider","3: SI","No Control","","",1324345.47,1679173.61,"13243451679174"
"2015-4825-27/05/2021","3 Country","FLINDERS RANGES","5434",,2,0,0,0,0,2015,"April","Friday","07:45 pm","080","Not Divided","Straight road","Level","Roadworks","Sealed","Dry","Not Raining","Night","Hit Animal","02","Animal","1: PDO","No Control","","",1324052.26,2070557.64,"13240522070558"
"2015-4826-27/05/2021","2 Metropolitan","SOMERTON PARK","5044","CITY OF HOLDFAST BAY",3,0,0,0,0,2015,"April","Sunday","05:25 pm","050","Not Divided","Straight road","Level","Driveway or Entrance","Sealed","Dry","Not Raining","Daylight","Hit Fixed Object","01","Driver Rider","1: PDO","No Control","","",1320966.15,1663444.07,"13209661663444"
"2015-4827-27/05/2021","2 Metropolitan","PARAFIELD GARDENS","5107","CITY OF SALISBURY",2,0,0,0,0,2015,"April","Friday","09:30 pm","050","T-Junction","Straight road","Level","Not Applicable","Sealed","Wet","Not Raining","Night","Hit Fixed Object","01","Driver Rider","1: PDO","No Control","","",1329277.8,1687834.2,"13292781687834"
"2015-4828-27/05/2021","2 Metropolitan","BEDFORD PARK","5042","CC MITCHAM.                   ",2,0,0,0,0,2015,"April","Friday","04:00 pm","050","Not Divided","CURVED, VIEW OPEN","Crest of Hill","Driveway or Entrance","Sealed","Dry","Not Raining","Daylight","Right Angle","01","Driver Rider","1: PDO","No Control","","",1325319.28,1659659.12,"13253191659659"
"2015-4829-27/05/2021","1 City","ADELAIDE","5000","CITY OF ADELAIDE",2,1,0,0,1,2015,"April","Saturday","08:10 am","050","Cross Road","Straight road","Level","Not Applicable","Sealed","Dry","Not Raining","Daylight","Right Turn","01","Driver Rider","2: MI","Traffic Signals","","",1327546.38,1670804.3,"13275461670804"
"2015-4830-27/05/2021","3 Country","RISDON PARK","5540","PT.PIRIE CITY & DIST. COUNCIL ",2,0,0,0,0,2015,"April","Saturday","09:20 am","050","Cross Road","Straight road","Level","Not Applicable","Sealed","Dry","Not Raining","Daylight","Right Angle","02","Driver Rider","1: PDO","Give Way Sign","","",1278849.47,1863513.39,"12788491863513"
"2015-4831-27/05/2021","2 Metropolitan","PARA HILLS WEST","5096","CITY OF SALISBURY",2,0,0,0,0,2015,"April","Thursday","06:30 am","060","T-Junction","CURVED, VIEW OPEN","Level","Not Applicable","Sealed","Wet","Raining","Night","Right Angle","02","Driver Rider","1: PDO","No Control","","",1332718.48,1682786.02,"13327181682786"
"2015-4832-27/05/2021","2 Metropolitan","KENT TOWN","5067","CC OF NORWOOD,PAYNEHAM & ST PETERS",2,1,0,0,1,2015,"April","Saturday","11:30 am","050","Not Divided","Straight road","Level","Roadworks","Sealed","Dry","Not Raining","Daylight","Side Swipe","02","Driver Rider","2: MI","No Control","","",1330104.66,1671146.07,"13301051671146"
"2015-4833-27/05/2021","3 Country","PORT AUGUSTA","5700","CC PT.AUGUSTA.                ",3,0,0,0,0,2015,"April","Saturday","10:25 am","060","Divided Road","Straight road","Slope","Bridge, Culvert, Causeway","Sealed","Dry","Not Raining","Daylight","Hit Fixed Object","01","Driver Rider","1: PDO","No Control","","",1259010.04,1942905.76,"12590101942906"
"2015-4834-27/05/2021","2 Metropolitan","PLYMPTON","5038","CITY OF WEST TORRENS",2,0,0,0,0,2015,"April","Friday","08:00 pm","050","T-Junction","Straight road","Level","Not Applicable","Sealed","Wet","Not Raining","Night","Right Angle","02","Driver Rider","1: PDO","No Control","","",1324119.83,1666889.68,"13241201666890"
"2015-4835-27/05/2021","2 Metropolitan","WEST HINDMARSH","5007","CITY OF CHARLES STURT",3,1,0,0,1,2015,"April","Saturday","06:50 am","060","Cross Road","Straight road","Level","Not Applicable","Sealed","Dry","Not Raining","Daylight","Right Turn","02","Driver Rider","2: MI","Traffic Signals","","",1325421.27,1673141.18,"13254211673141"
"2015-4836-27/05/2021","3 Country","MYPONGA","5202","DC YANKALILLA.                ",2,2,0,0,2,2015,"April","Saturday","12:20 pm","100","Not Divided","CURVED, VIEW OPEN","Slope","Not Applicable","Sealed","Wet","Raining","Daylight","Hit Fixed Object","09","Other","2: MI","No Control","","",1310830.83,1616846.1,"13108311616846"
"2015-4837-27/05/2021","2 Metropolitan","WESTBOURNE PARK","5041","CC MITCHAM.                   ",2,0,0,0,0,2015,"April","Saturday","02:50 pm","060","Divided Road","Straight road","Level","Not Applicable","Sealed","Wet","Raining","Daylight","Rear End","01","Driver Rider","1: PDO","No Control","","",1327584.49,1666205.44,"13275841666205"
"2015-4838-27/05/2021","2 Metropolitan","WESTBOURNE PARK","5041","CC MITCHAM.                   ",2,1,0,0,1,2015,"April","Wednesday","06:36 pm","060","Cross Road","Straight road","Level","Not Applicable","Sealed","Wet","Not Raining","Night","Right Turn","02","Driver Rider","2: MI","Traffic Signals","","",1327507.88,1666202.96,"13275081666203"
"2015-4839-27/05/2021","2 Metropolitan","WESTBOURNE PARK","5041","CC MITCHAM.                   ",2,1,0,0,1,2015,"April","Thursday","06:01 pm","060","Divided Road","Straight road","Level","Not Applicable","Sealed","Wet","Raining","Night","Rear End","02","Driver Rider","2: MI","No Control","","",1327511.31,1666077.32,"13275111666077"
"2015-4840-27/05/2021","2 Metropolitan","FULLARTON","5063","CITY OF UNLEY",2,0,0,0,0,2015,"April","Friday","06:34 pm","060","Not Divided","Straight road","Level","Not Applicable","Sealed","Wet","Raining","Night","Hit Parked Vehicle","01","Driver Rider","1: PDO","No Control","","",1330948.8,1668133.8,"13309491668134"
"2015-4841-27/05/2021","2 Metropolitan","CUDLEE CREEK","5232","THE ADELAIDE HILLS COUNCIL",2,1,0,0,1,2015,"April","Saturday","02:15 pm","080","Not Divided","CURVED, VIEW OBSCURED","Bottom of Hill","Not Applicable","Sealed","Wet","Raining","Daylight","Hit Fixed Object","01","Driver Rider","2: MI","No Control","","",1346193.9,1677908.7,"13461941677909"
"2015-4842-27/05/2021","2 Metropolitan","KENT TOWN","5067","CC OF NORWOOD,PAYNEHAM & ST PETERS",2,0,0,0,0,2015,"April","Saturday","04:00 pm","060","Cross Road","Straight road","Level","Not Applicable","Sealed","Wet","Raining","Daylight","Rear End","02","Driver Rider","1: PDO","Traffic Signals","","",1329936.66,1671050.38,"13299371671050"
"2015-4843-27/05/2021","2 Metropolitan","SEACLIFF PARK","5049","CITY OF HOLDFAST BAY",2,0,0,0,0,2015,"April","Saturday","11:30 am","060","Divided Road","Straight road","Level","Not Applicable","Sealed","Dry","Not Raining","Daylight","Rear End","02","Driver Rider","1: PDO","No Control","","",1321209.04,1658546.25,"13212091658546"
"2015-4844-27/05/2021","2 Metropolitan","MANNINGHAM","5086","CITY OF PORT ADELAIDE ENFIELD",2,1,0,0,1,2015,"April","Saturday","03:00 pm","060","T-Junction","Straight road","Level","Not Applicable","Sealed","Wet","Raining","Daylight","Right Angle","01","Driver Rider","2: MI","Traffic Signals","","",1330468.73,1675456.59,"13304691675457"
"2015-4845-27/05/2021","2 Metropolitan","OVINGHAM","5082","CITY OF CHARLES STURT",2,0,0,0,0,2015,"April","Saturday","05:33 pm","060","Divided Road","Straight road","Slope","Not Applicable","Sealed","Wet","Raining","Daylight","Rear End","02","Driver Rider","1: PDO","No Control","","",1327314.17,1673798.42,"13273141673798"
"2015-4846-27/05/2021","2 Metropolitan","VIRGINIA","5120","CITY OF PLAYFORD.",2,1,0,0,1,2015,"April","Friday","08:40 pm","110","Divided Road","Straight road","Level","Not Applicable","Sealed","Wet","Raining","Night","Hit Fixed Object","01","Driver Rider","2: MI","No Control","","",1323503.74,1702095.65,"13235041702096"
"2015-4847-27/05/2021","2 Metropolitan","TORRENS PARK","5062","CC MITCHAM.                   ",2,0,0,0,0,2015,"April","Saturday","04:45 pm","060","Divided Road","Straight road","Slope","Not Applicable","Sealed","Wet","Raining","Daylight","Other","02","Other","1: PDO","No Control","","",1329835.38,1664225.17,"13298351664225"
"2015-4848-27/05/2021","2 Metropolitan","WOODSIDE","5244","THE ADELAIDE HILLS COUNCIL",2,0,0,0,0,2015,"April","Saturday","03:05 pm","080","Cross Road","Straight road","Level","Not Applicable","Sealed","Wet","Raining","Daylight","Right Angle","02","Driver Rider","1: PDO","Stop Sign","","",1354164.33,1665389.92,"13541641665390"
"2015-4849-27/05/2021","2 Metropolitan","ROYAL PARK","5014","CITY OF CHARLES STURT",2,0,0,0,0,2015,"April","Saturday","04:30 pm","060","Cross Road","Straight road","Level","Not Applicable","Sealed","Wet","Raining","Daylight","Rear End","01","Driver Rider","1: PDO","Traffic Signals","","",1320670.5,1677618.27,"13206711677618"
"2015-4850-27/05/2021","2 Metropolitan","POORAKA","5095","CITY OF SALISBURY",2,0,0,0,0,2015,"April","Saturday","07:00 pm","050","Not Divided","Straight road","Level","Not Applicable","Sealed","Wet","Not Raining","Night","Hit Fixed Object","01","Driver Rider","1: PDO","No Control","","",1330876.99,1681056.43,"13308771681056"
"2015-4851-27/05/2021","2 Metropolitan","SEACOMBE GARDENS","5047","CC MARION.                    ",3,0,0,0,0,2015,"April","Saturday","06:26 pm","060","Divided Road","Straight road","Level","Driveway or Entrance","Sealed","Wet","Not Raining","Night","Right Turn","01","Driver Rider","1: PDO","No Control","","",1323145.58,1660639.71,"13231461660640"