"REPORT_ID","Stats Area","Suburb","Postcode","LGA Name","Total Units","Total Cas","Total Fats","Total SI","Total MI","Year","Month","Day","Time","Area Speed","Position Type","Horizontal Align","Vertical Align","Other Feat","Road Surface","Moisture Cond","Weather Cond","DayNight","Crash Type","Unit Resp","Entity Code","CSEF Severity","Traffic Ctrls","DUI Involved","Drugs Involved","ACCLOC_X","ACCLOC_Y","UNIQUE_LOC"
"2015-5095-27/05/2021","2 Metropolitan","THEBARTON","5031","CITY OF WEST TORRENS",2,0,0,0,0,2015,"April","Friday","10:00 am","060","Divided Road","Straight road","Level","Not Applicable","Sealed","Wet","Raining","Daylight","Rear End","01","Driver Rider","1: PDO","No Control","","",1326523.13,1671989.94,"13265231671990"
"2015-5096-27/05/2021","2 Metropolitan","HOPE VALLEY","5090","CITY OF TEA TREE GULLY",2,0,0,0,0,2015,"April","Friday","02:55 pm","060","Divided Road","Straight road","Level","Not Applicable","Sealed","Wet","Raining","Daylight","Hit Fixed Object","01","Driver Rider","1: PDO","No Control","","",1336210.01,1679441.2,"13362101679441"
"2015-5097-27/05/2021","2 Metropolitan","SOUTH PLYMPTON","5038","CC MARION.                    ",2,0,0,0,0,2015,"April","Friday","05:00 pm","060","T-Junction","Straight road","Level","Not Applicable","Sealed","Wet","Not Raining","Daylight","Rear End","01","Driver Rider","1: PDO","Traffic Signals","","",1325053.6,1666133.46,"13250541666133"
"2015-5098-27/05/2021","2 Metropolitan","STURT","5047","CC MARION.                    ",2,1,0,0,1,2015,"April","Friday","05:00 pm","060","Divided Road","Straight road","Level","Not Applicable","Sealed","Dry","Not Raining","Daylight","Rear End","01","Driver Rider","2: MI","No Control","","",1324107.22,1660666.8,"13241071660667"
"2015-5099-27/05/2021","2 Metropolitan","HINDMARSH","5007","CITY OF CHARLES STURT",2,0,0,0,0,2015,"April","Friday","04:30 pm","050","Not Divided","Straight road","Level","Not Applicable","Sealed","Wet","Raining","Daylight","Hit Parked Vehicle","02","Driver Rider","1: PDO","No Control","","",1325815.48,1673006.73,"13258151673007"
"2015-5100-27/05/2021","2 Metropolitan","MELROSE PARK","5039","CC MITCHAM.                   ",2,0,0,0,0,2015,"April","Friday","02:45 pm","060","T-Junction","Straight road","Level","Not Applicable","Sealed","Dry","Not Raining","Daylight","Right Angle","02","Driver Rider","1: PDO","Give Way Sign","","",1326026.74,1664952.93,"13260271664953"
"2015-5101-27/05/2021","2 Metropolitan","GLANDORE","5037","CC MARION.                    ",2,1,0,0,1,2015,"April","Friday","04:23 pm","060","Cross Road","Straight road","Level","Not Applicable","Sealed","Wet","Not Raining","Daylight","Rear End","02","Driver Rider","2: MI","Stop Sign","","",1325854.02,1667032.38,"13258541667032"
"2015-5102-27/05/2021","2 Metropolitan","GLYNDE","5070","CC OF NORWOOD,PAYNEHAM & ST PETERS",2,1,0,0,1,2015,"April","Friday","05:50 pm","060","Cross Road","CURVED, VIEW OPEN","Level","Not Applicable","Sealed","Wet","Raining","Night","Right Turn","02","Driver Rider","2: MI","Traffic Signals","","",1333785.54,1674516.59,"13337861674517"
"2015-5103-27/05/2021","2 Metropolitan","WELLAND","5007","CITY OF CHARLES STURT",2,0,0,0,0,2015,"April","Friday","05:50 pm","060","T-Junction","Straight road","Level","Not Applicable","Sealed","Wet","Raining","Night","Right Angle","01","Driver Rider","1: PDO","Give Way Sign","","",1324914.02,1674013.33,"13249141674013"
"2015-5104-27/05/2021","2 Metropolitan","PAYNEHAM","5070","CC OF NORWOOD,PAYNEHAM & ST PETERS",2,0,0,0,0,2015,"April","Friday","09:30 pm","060","Divided Road","Straight road","Level","Not Applicable","Sealed","Wet","Raining","Night","Side Swipe","02","Driver Rider","1: PDO","No Control","","",1332322.95,1673874.17,"13323231673874"
"2015-5105-27/05/2021","2 Metropolitan","DUDLEY PARK","5008","CITY OF PORT ADELAIDE ENFIELD",2,0,0,0,0,2015,"April","Friday","08:30 pm","050","Cross Road","Straight road","Level","Not Applicable","Sealed","Wet","Not Raining","Night","Right Angle","02","Driver Rider","1: PDO","Give Way Sign","","",1326568.07,1675911.44,"13265681675911"
"2015-5106-27/05/2021","3 Country","LOWER LIGHT","5501","DC MALLALA.                   ",4,0,0,0,0,2015,"April","Friday","07:20 pm","110","Divided Road","Straight road","Level","Not Applicable","Sealed","Wet","Raining","Night","Hit Object on Road","01","Driver Rider","1: PDO","No Control","","",1313104.3,1716859.41,"13131041716859"
"2015-5107-27/05/2021","2 Metropolitan","PARADISE","5075","CC CAMPBELLTOWN.              ",2,0,0,0,0,2015,"April","Friday","02:00 pm","060","Divided Road","Straight road","Level","Not Applicable","Sealed","Wet","Raining","Daylight","Rear End","02","Driver Rider","1: PDO","No Control","","",1335234.96,1676448.2,"13352351676448"
"2015-5108-27/05/2021","2 Metropolitan","GLEN OSMOND","5064","CITY OF BURNSIDE",2,1,0,0,1,2015,"April","Friday","03:18 pm","060","Divided Road","Straight road","Level","Not Applicable","Sealed","Dry","Not Raining","Daylight","Rear End","01","Driver Rider","2: MI","No Control","Y","",1332389.51,1666572.99,"13323901666573"
"2015-5109-27/05/2021","1 City","ADELAIDE","5000","CITY OF ADELAIDE",3,1,0,1,0,2015,"April","Friday","03:44 pm","050","Pedestrian Crossing","Straight road","Slope","Not Applicable","Sealed","Wet","Raining","Daylight","Hit Pedestrian","01","Driver Rider","3: SI","Traffic Signals","","",1328669.35,1671521.11,"13286691671521"
"2015-5110-27/05/2021","2 Metropolitan","KILBURN","5084","CITY OF PORT ADELAIDE ENFIELD",2,0,0,0,0,2015,"April","Friday","06:15 pm","050","Cross Road","Straight road","Level","Not Applicable","Sealed","Wet","Raining","Night","Right Angle","09","Other","1: PDO","Stop Sign","","",1328034.09,1677780.54,"13280341677781"
"2015-5111-27/05/2021","2 Metropolitan","CUDLEE CREEK","5232","THE ADELAIDE HILLS COUNCIL",2,0,0,0,0,2015,"April","Friday","09:00 pm","080","Not Divided","CURVED, VIEW OPEN","Slope","Not Applicable","Sealed","Wet","Raining","Night","Hit Fixed Object","01","Driver Rider","1: PDO","No Control","","",1346788.09,1678497.94,"13467881678498"
"2015-5112-27/05/2021","2 Metropolitan","GOODWOOD","5034","CITY OF UNLEY",2,1,0,1,0,2015,"April","Friday","10:10 pm","050","T-Junction","Straight road","Level","Not Applicable","Sealed","Wet","Raining","Night","Hit Pedestrian","01","Driver Rider","3: SI","Stop Sign","","",1327465.92,1667626.2,"13274661667626"
"2015-5113-27/05/2021","2 Metropolitan","SALISBURY PLAIN","5109","CITY OF SALISBURY",2,0,0,0,0,2015,"April","Friday","11:40 pm","060","Divided Road","Straight road","Level","Not Applicable","Sealed","Wet","Raining","Night","Hit Fixed Object","01","Driver Rider","1: PDO","No Control","","",1335250.43,1688273.45,"13352501688273"
"2015-5114-27/05/2021","3 Country","MCDOUALL PEAK","5723",,2,0,0,0,0,2015,"April","Friday","11:00 pm","110","Not Divided","Straight road","Level","Not Applicable","Sealed","Dry","Not Raining","Night","Hit Animal","02","Animal","1: PDO","No Control","","",1012923.34,2234212.7,"10129232234213"
"2015-5115-27/05/2021","2 Metropolitan","HOLDEN HILL","5088","CITY OF TEA TREE GULLY",2,0,0,0,0,2015,"April","Saturday","02:30 am","050","Not Divided","CURVED, VIEW OPEN","Level","Not Applicable","Sealed","Wet","Raining","Night","Hit Fixed Object","01","Driver Rider","1: PDO","No Control","","",1335105.8,1678779.41,"13351061678779"
"2015-5116-27/05/2021","2 Metropolitan","MODBURY HEIGHTS","5092","CITY OF TEA TREE GULLY",2,1,0,0,1,2015,"April","Friday","11:10 pm","070","T-Junction","Straight road","Level","Not Applicable","Sealed","Wet","Raining","Night","Rear End","02","Driver Rider","2: MI","Traffic Signals","","",1337519.8,1682500.28,"13375201682500"
"2015-5117-27/05/2021","2 Metropolitan","MILLBROOK","5231","THE ADELAIDE HILLS COUNCIL",2,0,0,0,0,2015,"April","Friday","11:45 am","080","Not Divided","CURVED, VIEW OBSCURED","Level","Not Applicable","Sealed","Wet","Raining","Daylight","Head On","01","Driver Rider","1: PDO","No Control","","",1349560.68,1681457.3,"13495611681457"
"2015-5118-27/05/2021","2 Metropolitan","CHAIN OF PONDS","5231","THE ADELAIDE HILLS COUNCIL",3,0,0,0,0,2015,"April","Friday","01:30 pm","080","Not Divided","CURVED, VIEW OPEN","Slope","Not Applicable","Sealed","Wet","Raining","Daylight","Head On","01","Driver Rider","1: PDO","No Control","","",1350280.04,1681462.35,"13502801681462"
"2015-5119-27/05/2021","2 Metropolitan","GAWLER BELT","5118","LIGHT REGIONAL COUNCIL",2,1,0,0,1,2015,"April","Saturday","06:45 am","100","Not Divided","CURVED, VIEW OPEN","Slope","Not Applicable","Sealed","Wet","Not Raining","Night","Hit Fixed Object","01","Driver Rider","2: MI","No Control","","",1343315.79,1709996.35,"13433161709996"
"2015-5120-27/05/2021","2 Metropolitan","BEULAH PARK","5067","CITY OF BURNSIDE",2,2,0,2,0,2015,"April","Saturday","05:45 am","060","T-Junction","Straight road","Level","Not Applicable","Sealed","Wet","Not Raining","Night","Hit Pedestrian","02","Pedestrian","3: SI","No Control","","",1332940.81,1671782.06,"13329411671782"
"2015-5121-27/05/2021","2 Metropolitan","TORRENSVILLE","5031","CITY OF WEST TORRENS",2,1,0,0,1,2015,"April","Friday","01:30 pm","060","Divided Road","Straight road","Level","Not Applicable","Sealed","Dry","Not Raining","Daylight","Rear End","02","Driver Rider","2: MI","No Control","","",1325448.97,1671975.13,"13254491671975"
"2015-5122-27/05/2021","2 Metropolitan","WALKERVILLE","5081","WALKERVILLE TOWN COUNCIL",2,1,0,0,1,2015,"April","Saturday","07:10 am","060","Cross Road","Straight road","Level","Not Applicable","Sealed","Dry","Not Raining","Daylight","Right Angle","01","Driver Rider","2: MI","Traffic Signals","","",1329488.84,1674243.03,"13294891674243"
"2015-5123-27/05/2021","2 Metropolitan","SALISBURY SOUTH","5106","CITY OF SALISBURY",1,0,0,0,0,2015,"April","Saturday","06:45 am","060","T-Junction","Straight road","Level","Not Applicable","Sealed","Dry","Not Raining","Night","Other","01","Driver Rider","1: PDO","No Control","","",1332521.47,1686301.12,"13325211686301"
"2015-5124-27/05/2021","2 Metropolitan","SAMPSON FLAT","5114","CITY OF PLAYFORD.",2,0,0,0,0,2015,"April","Saturday","08:00 am","060","Not Divided","CURVED, VIEW OPEN","Slope","Not Applicable","Unsealed","Dry","Not Raining","Daylight","Hit Fixed Object","01","Driver Rider","1: PDO","No Control","","",1344922.66,1688465.93,"13449231688466"
"2015-5125-27/05/2021","2 Metropolitan","PLYMPTON","5038","CITY OF WEST TORRENS",2,3,0,0,3,2015,"April","Friday","08:25 pm","060","Divided Road","Straight road","Level","Not Applicable","Sealed","Wet","Raining","Night","Rear End","02","Driver Rider","2: MI","No Control","","",1324244.97,1666262.39,"13242451666262"
"2015-5126-27/05/2021","2 Metropolitan","KINGSWOOD","5062","CC MITCHAM.                   ",2,1,0,0,1,2015,"April","Friday","05:30 pm","060","T-Junction","Straight road","Slope","Not Applicable","Sealed","Wet","Raining","Daylight","Right Angle","02","Driver Rider","2: MI","No Control","","",1329144.82,1665955.44,"13291451665955"
"2015-5127-27/05/2021","3 Country","MAUDE","5320","MID MURRAY DISTRICT COUNCIL",1,1,0,1,0,2015,"April","Friday","01:50 pm","100","Not Divided","CURVED, VIEW OBSCURED","Crest of Hill","Unknown","Unsealed","Dry","Not Raining","Daylight","Roll Over","01","Driver Rider","3: SI","No Control","","",1408170.33,1778806.99,"14081701778807"
"2015-5128-27/05/2021","2 Metropolitan","POORAKA","5095","CITY OF SALISBURY",2,0,0,0,0,2015,"April","Saturday","10:30 am","060","T-Junction","Straight road","Level","Not Applicable","Sealed","Wet","Raining","Daylight","Right Angle","02","Driver Rider","1: PDO","No Control","","",1331748.03,1681315.23,"13317481681315"
"2015-5129-27/05/2021","2 Metropolitan","SHEIDOW PARK","5158","CC MARION.                    ",2,1,0,0,1,2015,"April","Saturday","01:10 pm","080","T-Junction","Straight road","Slope","Not Applicable","Sealed","Wet","Raining","Daylight","Right Turn","02","Driver Rider","2: MI","Traffic Signals","","",1321177.96,1654686.82,"13211781654687"
"2015-5130-27/05/2021","2 Metropolitan","MAGILL","5072","CC CAMPBELLTOWN.              ",2,0,0,0,0,2015,"April","Friday","11:00 am","050","Not Divided","Straight road","Level","Not Applicable","Sealed","Wet","Raining","Daylight","Rear End","02","Driver Rider","1: PDO","No Control","","",1334812.81,1672911.85,"13348131672912"
"2015-5131-27/05/2021","2 Metropolitan","MEDINDIE","5081","WALKERVILLE TOWN COUNCIL",2,0,0,0,0,2015,"April","Saturday","02:01 pm","060","Multiple","CURVED, VIEW OPEN","Bottom of Hill","Not Applicable","Sealed","Dry","Not Raining","Daylight","Side Swipe","01","Driver Rider","1: PDO","Traffic Signals","","",1329427.23,1673281.86,"13294271673282"
"2015-5132-27/05/2021","3 Country","YORKETOWN","5576","YORKE PENINSULA COUNCIL",3,2,0,0,2,2015,"April","Saturday","10:20 am","100","Cross Road","CURVED, VIEW OPEN","Level","Not Applicable","Unsealed","Wet","Not Raining","Daylight","Hit Fixed Object","01","Driver Rider","2: MI","Give Way Sign","","",1237425.18,1667535.04,"12374251667535"
"2015-5133-27/05/2021","2 Metropolitan","WOODVILLE SOUTH","5011","CITY OF CHARLES STURT",3,1,0,0,1,2015,"April","Saturday","02:40 pm","050","Not Divided","Straight road","Level","Driveway or Entrance","Sealed","Dry","Not Raining","Daylight","Right Turn","01","Driver Rider","2: MI","No Control","","",1322908.66,1674956.68,"13229091674957"
"2015-5134-27/05/2021","2 Metropolitan","URRBRAE","5064","CC MITCHAM.                   ",2,0,0,0,0,2015,"April","Friday","04:00 pm","060","Cross Road","Straight road","Bottom of Hill","Not Applicable","Sealed","Wet","Raining","Daylight","Rear End","02","Driver Rider","1: PDO","Traffic Signals","","",1332373.16,1666370.92,"13323731666371"
"2015-5135-27/05/2021","2 Metropolitan","STEPNEY","5069","CC OF NORWOOD,PAYNEHAM & ST PETERS",2,0,0,0,0,2015,"April","Thursday","04:41 pm","060","T-Junction","Straight road","Level","Not Applicable","Sealed","Dry","Not Raining","Daylight","Right Angle","01","Driver Rider","1: PDO","Stop Sign","","",1331150.89,1671732.93,"13311511671733"
"2015-5136-27/05/2021","2 Metropolitan","ST PETERS","5069","CC OF NORWOOD,PAYNEHAM & ST PETERS",2,0,0,0,0,2015,"April","Friday","07:21 pm","060","T-Junction","Straight road","Level","Not Applicable","Sealed","Wet","Raining","Night","Rear End","02","Driver Rider","1: PDO","No Control","","",1331255.59,1672587.7,"13312561672588"
"2015-5137-27/05/2021","2 Metropolitan","ROYAL PARK","5014","CITY OF CHARLES STURT",3,1,0,0,1,2015,"April","Saturday","01:40 pm","060","Cross Road","Straight road","Level","Not Applicable","Sealed","Dry","Not Raining","Daylight","Right Turn","02","Driver Rider","2: MI","Traffic Signals","","",1320686.56,1677665.91,"13206871677666"
"2015-5138-27/05/2021","2 Metropolitan","NOARLUNGA CENTRE","5168","CITY OF ONKAPARINGA",2,0,0,0,0,2015,"April","Friday","06:35 pm","060","Cross Road","Straight road","Level","Not Applicable","Sealed","Wet","Raining","Night","Side Swipe","01","Driver Rider","1: PDO","Traffic Signals","","",1319094.8,1647483.87,"13190951647484"
"2015-5139-27/05/2021","3 Country","WILLIAMSTOWN","5351","THE BAROSSA COUNCIL.",2,3,0,2,1,2015,"April","Saturday","11:35 am","080","Not Divided","CURVED, VIEW OBSCURED","Slope","Not Applicable","Sealed","Dry","Not Raining","Daylight","Hit Fixed Object","01","Driver Rider","3: SI","No Control","","",1357053.7,1697533,"13570541697533"
"2015-5140-27/05/2021","2 Metropolitan","NORWOOD","5067","CC OF NORWOOD,PAYNEHAM & ST PETERS",2,0,0,0,0,2015,"April","Saturday","05:10 pm","060","Cross Road","Straight road","Level","Not Applicable","Sealed","Wet","Not Raining","Daylight","Right Angle","02","Driver Rider","1: PDO","Roundabout","","",1330623.32,1670361.88,"13306231670362"
"2015-5141-27/05/2021","2 Metropolitan","BLACKWOOD","5051","CC MITCHAM.                   ",2,2,0,0,2,2015,"April","Saturday","04:50 pm","050","Multiple","CURVED, VIEW OPEN","Level","Not Applicable","Sealed","Wet","Raining","Daylight","Right Angle","02","Driver Rider","2: MI","Roundabout","","",1329678.48,1660052.36,"13296781660052"
"2015-5142-27/05/2021","2 Metropolitan","CHRISTIES BEACH","5165","CITY OF ONKAPARINGA",2,0,0,0,0,2015,"April","Tuesday","11:00 pm","070","Cross Road","Straight road","Level","Not Applicable","Sealed","Dry","Not Raining","Night","Hit Fixed Object","01","Driver Rider","1: PDO","Roundabout","Y","",1317329.55,1648342.52,"13173301648343"
"2015-5143-27/05/2021","3 Country","KONGORONG","5291","DISTRICT COUNCIL OF GRANT",2,0,0,0,0,2015,"April","Saturday","04:25 pm","110","Cross Road","CURVED, VIEW OPEN","Level","Not Applicable","Sealed","Wet","Raining","Daylight","Right Angle","01","Driver Rider","1: PDO","Give Way Sign","","",1485980.34,1338486.25,"14859801338486"
"2015-5144-27/05/2021","2 Metropolitan","FERRYDEN PARK","5010","CITY OF PORT ADELAIDE ENFIELD",2,0,0,0,0,2015,"April","Saturday","05:15 pm","050","Cross Road","Straight road","Level","Not Applicable","Sealed","Dry","Not Raining","Daylight","Hit Parked Vehicle","01","Driver Rider","1: PDO","Roundabout","","",1325469.94,1677672.91,"13254701677673"
"2015-5145-27/05/2021","2 Metropolitan","THORNGATE","5082","CITY OF PROSPECT",2,1,0,0,1,2015,"April","Saturday","03:00 pm","060","Cross Road","Straight road","Level","Not Applicable","Sealed","Wet","Raining","Daylight","Rear End","02","Driver Rider","2: MI","Traffic Signals","","",1328116.31,1673675.73,"13281161673676"
"2015-5146-27/05/2021","2 Metropolitan","NORTH HAVEN","5018","CITY OF PORT ADELAIDE ENFIELD",2,0,0,0,0,2015,"April","Friday","06:15 pm","060","T-Junction","Straight road","Level","Not Applicable","Sealed","Wet","Raining","Night","Right Angle","02","Driver Rider","1: PDO","No Control","","",1318969.01,1686121.73,"13189691686122"
"2015-5147-27/05/2021","2 Metropolitan","UNDERDALE","5032","CITY OF WEST TORRENS",2,0,0,0,0,2015,"April","Saturday","08:00 am","050","T-Junction","Straight road","Level","Not Applicable","Sealed","Wet","Raining","Daylight","Hit Fixed Object","01","Driver Rider","1: PDO","No Control","","",1323710.36,1671760.75,"13237101671761"
"2015-5148-27/05/2021","2 Metropolitan","CAMPBELLTOWN","5074","CC CAMPBELLTOWN.              ",2,0,0,0,0,2015,"April","Saturday","05:41 pm","060","T-Junction","Straight road","Level","Not Applicable","Sealed","Dry","Not Raining","Night","Rear End","01","Driver Rider","1: PDO","No Control","","",1335399.51,1674921.05,"13354001674921"
"2015-5149-27/05/2021","2 Metropolitan","MOUNT BARKER","5251","DC MT.BARKER.                 ",2,1,0,0,1,2015,"April","Saturday","07:00 pm","060","Cross Road","Straight road","Level","Not Applicable","Sealed","Wet","Not Raining","Night","Right Turn","01","Driver Rider","2: MI","Traffic Signals","","",1351314.75,1654262.86,"13513151654263"
"2015-5150-27/05/2021","2 Metropolitan","TUSMORE","5065","CITY OF BURNSIDE",2,2,0,0,2,2015,"April","Friday","07:15 pm","060","Cross Road","Straight road","Level","Not Applicable","Sealed","Wet","Raining","Night","Right Turn","01","Driver Rider","2: MI","Traffic Signals","","",1332324.24,1669046.54,"13323241669047"
"2015-5151-27/05/2021","1 City","NORTH ADELAIDE","5006","CITY OF ADELAIDE",2,1,0,0,1,2015,"April","Saturday","07:00 pm","050","Not Divided","Straight road","Level","Not Applicable","Sealed","Wet","Not Raining","Night","Rear End","02","Driver Rider","2: MI","No Control","","",1328381.08,1673234.42,"13283811673234"
"2015-5152-27/05/2021","2 Metropolitan","ENFIELD","5085","CITY OF PORT ADELAIDE ENFIELD",4,0,0,0,0,2015,"April","Saturday","07:45 pm","050","Not Divided","Straight road","Level","Not Applicable","Sealed","Dry","Not Raining","Night","Hit Parked Vehicle","01","Driver Rider","1: PDO","No Control","Y","",1329208.44,1676955.58,"13292081676956"
"2015-5153-27/05/2021","2 Metropolitan","NEWTON","5074","CC CAMPBELLTOWN.              ",2,0,0,0,0,2015,"April","Saturday","09:10 pm","060","Divided Road","CURVED, VIEW OPEN","Level","Not Applicable","Sealed","Wet","Not Raining","Night","Hit Fixed Object","01","Driver Rider","1: PDO","No Control","Y","",1335371.7,1675724.81,"13353721675725"
"2015-5154-27/05/2021","3 Country","WHYALLA BARSON","5601","CC WHYALLA.                   ",2,0,0,0,0,2015,"April","Saturday","08:45 pm","050","T-Junction","Straight road","Crest of Hill","Not Applicable","Sealed","Wet","Raining","Night","Hit Fixed Object","01","Driver Rider","1: PDO","No Control","","",1239477.14,1885747.78,"12394771885748"
"2015-5155-27/05/2021","2 Metropolitan","KILBURN","5084","CITY OF PORT ADELAIDE ENFIELD",2,0,0,0,0,2015,"April","Saturday","09:15 pm","050","Not Divided","CURVED, VIEW OPEN","Level","Not Applicable","Sealed","Wet","Raining","Night","Hit Fixed Object","01","Driver Rider","1: PDO","No Control","","",1327629.52,1678368.65,"13276301678369"
"2015-5156-27/05/2021","2 Metropolitan","SALISBURY PLAIN","5109","CITY OF SALISBURY",2,0,0,0,0,2015,"April","Saturday","10:10 pm","080","Divided Road","Straight road","Level","Not Applicable","Sealed","Wet","Raining","Night","Rear End","02","Driver Rider","1: PDO","No Control","","",1335315.46,1687951.05,"13353151687951"
"2015-5157-27/05/2021","2 Metropolitan","FELIXSTOW","5070","CC OF NORWOOD,PAYNEHAM & ST PETERS",2,0,0,0,0,2015,"April","Saturday","10:50 pm","060","T-Junction","Straight road","Level","Not Applicable","Sealed","Wet","Not Raining","Night","Rear End","02","Driver Rider","1: PDO","No Control","","",1333516.48,1674394.79,"13335161674395"
"2015-5158-27/05/2021","2 Metropolitan","SALISBURY NORTH","5108","CITY OF SALISBURY",2,0,0,0,0,2015,"April","Saturday","12:15 am","050","T-Junction","Straight road","Level","Not Applicable","Sealed","Wet","Raining","Night","Hit Fixed Object","01","Driver Rider","1: PDO","No Control","Y","",1331681.54,1691156.25,"13316821691156"
"2015-5159-27/05/2021","3 Country","PETERSVILLE","5571","YORKE PENINSULA COUNCIL",1,0,0,0,0,2015,"April","Saturday","08:30 pm","100","Not Divided","CURVED, VIEW OBSCURED","Level","Not Applicable","Sealed","Dry","Not Raining","Night","Roll Over","01","Driver Rider","1: PDO","No Control","","",1264568.9,1730970.56,"12645691730971"
"2015-5160-27/05/2021","2 Metropolitan","NORWOOD","5067","CC OF NORWOOD,PAYNEHAM & ST PETERS",2,0,0,0,0,2015,"April","Saturday","11:25 am","050","T-Junction","Straight road","Level","Not Applicable","Sealed","Wet","Raining","Daylight","Side Swipe","02","Driver Rider","1: PDO","No Control","","",1331953.96,1671070.62,"13319541671071"
"2015-5161-27/05/2021","2 Metropolitan","CHAIN OF PONDS","5231","THE ADELAIDE HILLS COUNCIL",2,1,0,0,1,2015,"April","Saturday","09:45 am","080","Not Divided","CURVED, VIEW OBSCURED","Crest of Hill","Not Applicable","Sealed","Wet","Raining","Daylight","Head On","02","Driver Rider","2: MI","No Control","","",1349126.72,1680041.75,"13491271680042"
"2015-5162-27/05/2021","2 Metropolitan","SALISBURY NORTH","5108","CITY OF SALISBURY",2,0,0,0,0,2015,"April","Sunday","03:55 am","050","Not Divided","Straight road","Level","Driveway or Entrance","Sealed","Dry","Not Raining","Night","Hit Fixed Object","01","Driver Rider","1: PDO","No Control","","",1332858.97,1689542.23,"13328591689542"
"2015-5163-27/05/2021","2 Metropolitan","KERSBROOK","5231","THE ADELAIDE HILLS COUNCIL",3,0,0,0,0,2015,"April","Saturday","11:30 am","080","Not Divided","Straight road","Level","Driveway or Entrance","Sealed","Wet","Not Raining","Daylight","Side Swipe","01","Driver Rider","1: PDO","No Control","","",1351806.54,1685157.2,"13518071685157"
"2015-5164-27/05/2021","2 Metropolitan","ROSE PARK","5067","CITY OF BURNSIDE",2,0,0,0,0,2015,"April","Saturday","10:10 pm","050","Not Divided","Straight road","Level","Not Applicable","Sealed","Dry","Not Raining","Night","Hit Parked Vehicle","02","Driver Rider","1: PDO","No Control","","",1331364.47,1669764.77,"13313641669765"
"2015-5165-27/05/2021","2 Metropolitan","SALISBURY EAST","5109","CITY OF SALISBURY",3,2,0,0,2,2015,"April","Sunday","05:30 am","060","Cross Road","Straight road","Level","Not Applicable","Sealed","Dry","Not Raining","Night","Right Angle","01","Driver Rider","2: MI","Traffic Signals","","",1333277.7,1685371.45,"13332781685371"
"2015-5166-27/05/2021","2 Metropolitan","MALVERN","5061","CITY OF UNLEY",2,0,0,0,0,2015,"April","Saturday","01:15 pm","060","Cross Road","Straight road","Level","Not Applicable","Sealed","Wet","Not Raining","Daylight","Rear End","02","Driver Rider","1: PDO","Traffic Signals","","",1329103.94,1667424.23,"13291041667424"
"2015-5167-27/05/2021","2 Metropolitan","HINDMARSH","5007","CITY OF CHARLES STURT",3,0,0,0,0,2015,"April","Sunday","11:00 am","060","Divided Road","Straight road","Level","Not Applicable","Sealed","Dry","Not Raining","Daylight","Rear End","01","Driver Rider","1: PDO","No Control","","",1326075.16,1672618.42,"13260751672618"
"2015-5168-27/05/2021","2 Metropolitan","WINDSOR GARDENS","5087","CITY OF PORT ADELAIDE ENFIELD",2,1,0,0,1,2015,"April","Sunday","10:50 am","060","T-Junction","Straight road","Level","Not Applicable","Sealed","Dry","Not Raining","Daylight","Right Angle","01","Driver Rider","2: MI","No Control","","",1332539.47,1676983.64,"13325391676984"
"2015-5169-27/05/2021","2 Metropolitan","KILBURN","5084","CITY OF PORT ADELAIDE ENFIELD",2,0,0,0,0,2015,"April","Friday","05:00 pm","060","T-Junction","Straight road","Level","Not Applicable","Sealed","Dry","Not Raining","Daylight","Rear End","01","Driver Rider","1: PDO","Traffic Signals","","",1327212.31,1677438.09,"13272121677438"
"2015-5170-27/05/2021","2 Metropolitan","VALE PARK","5081","WALKERVILLE TOWN COUNCIL",2,1,0,0,1,2015,"April","Saturday","07:40 pm","060","Cross Road","Straight road","Level","Not Applicable","Sealed","Dry","Not Raining","Night","Right Turn","02","Driver Rider","2: MI","Traffic Signals","","",1331204.6,1674756.32,"13312051674756"
"2015-5171-27/05/2021","2 Metropolitan","OLD NOARLUNGA","5168","CITY OF ONKAPARINGA",2,1,0,0,1,2015,"April","Saturday","10:28 pm","060","Not Divided","Straight road","Level","Not Applicable","Sealed","Dry","Not Raining","Night","Hit Fixed Object","01","Driver Rider","2: MI","No Control","","",1318000.61,1642109.1,"13180011642109"
"2015-5172-27/05/2021","2 Metropolitan","WATERLOO CORNER","5110","CITY OF PLAYFORD.",1,0,0,0,0,2015,"April","Saturday","11:45 pm","060","Not Divided","Straight road","Level","Not Applicable","Unsealed","Wet","Not Raining","Night","Left Road - Out of Control","01","Driver Rider","1: PDO","No Control","","",1328294.3,1694349.21,"13282941694349"
"2015-5173-27/05/2021","2 Metropolitan","INGLEWOOD","5133","THE ADELAIDE HILLS COUNCIL",2,0,0,0,0,2015,"April","Saturday","10:00 pm","080","Not Divided","CURVED, VIEW OBSCURED","Level","Not Applicable","Sealed","Wet","Raining","Night","Head On","02","Driver Rider","1: PDO","No Control","","",1344332.48,1681463,"13443321681463"
"2015-5174-27/05/2021","2 Metropolitan","HILLBANK","5112","CITY OF PLAYFORD.",2,1,0,0,1,2015,"April","Saturday","09:45 pm","080","Cross Road","Straight road","Level","Not Applicable","Sealed","Dry","Not Raining","Night","Right Angle","02","Driver Rider","2: MI","Traffic Signals","Y","",1336127.25,1690847.05,"13361271690847"
"2015-5175-27/05/2021","2 Metropolitan","NORWOOD","5067","CC OF NORWOOD,PAYNEHAM & ST PETERS",2,1,0,0,1,2015,"April","Saturday","11:55 pm","060","Not Divided","Straight road","Level","Not Applicable","Sealed","Wet","Not Raining","Night","Rear End","02","Driver Rider","2: MI","No Control","","",1330677.98,1670363.48,"13306781670363"
"2015-5176-27/05/2021","2 Metropolitan","REGENCY PARK","5010","CITY OF PORT ADELAIDE ENFIELD",2,0,0,0,0,2015,"April","Thursday","08:00 am","060","Cross Road","Straight road","Level","Not Applicable","Sealed","Dry","Not Raining","Daylight","Right Turn","02","Driver Rider","1: PDO","Traffic Signals","","",1325607.25,1676354.38,"13256071676354"