"REPORT_ID","Stats Area","Suburb","Postcode","LGA Name","Total Units","Total Cas","Total Fats","Total SI","Total MI","Year","Month","Day","Time","Area Speed","Position Type","Horizontal Align","Vertical Align","Other Feat","Road Surface","Moisture Cond","Weather Cond","DayNight","Crash Type","Unit Resp","Entity Code","CSEF Severity","Traffic Ctrls","DUI Involved","Drugs Involved","ACCLOC_X","ACCLOC_Y","UNIQUE_LOC"
"2015-5258-27/05/2021","3 Country","PORT AUGUSTA","5700","CC PT.AUGUSTA.                ",2,0,0,0,0,2015,"April","Tuesday","05:20 pm","050","T-Junction","Straight road","Level","Not Applicable","Sealed","Dry","Not Raining","Daylight","Hit Fixed Object","01","Driver Rider","1: PDO","No Control","","",1258816.31,1942223.98,"12588161942224"
"2015-5259-27/05/2021","2 Metropolitan","EDINBURGH","5111","CITY OF SALISBURY",2,1,0,0,1,2015,"April","Wednesday","05:42 am","090","Not Divided","Straight road","Level","Not Applicable","Sealed","Dry","Not Raining","Night","Hit Fixed Object","01","Driver Rider","2: MI","No Control","","",1329923.48,1694873.91,"13299231694874"
"2015-5260-27/05/2021","2 Metropolitan","CHELTENHAM","5014","CITY OF CHARLES STURT",2,0,0,0,0,2015,"April","Tuesday","10:00 am","060","Divided Road","Straight road","Level","Not Applicable","Sealed","Dry","Not Raining","Daylight","Hit Parked Vehicle","02","Driver Rider","1: PDO","No Control","","",1321608.22,1676865.44,"13216081676865"
"2015-5261-27/05/2021","2 Metropolitan","WYNN VALE","5127","CITY OF TEA TREE GULLY",2,1,0,0,1,2015,"April","Wednesday","07:45 am","080","T-Junction","CURVED, VIEW OPEN","Crest of Hill","Not Applicable","Sealed","Dry","Not Raining","Daylight","Rear End","01","Driver Rider","2: MI","Traffic Signals","","",1335765.09,1683090.9,"13357651683091"
"2015-5262-27/05/2021","2 Metropolitan","ROSE PARK","5067","CITY OF BURNSIDE",2,0,0,0,0,2015,"April","Tuesday","09:55 pm","050","Not Divided","CURVED, VIEW OPEN","Level","Not Applicable","Sealed","Dry","Not Raining","Night","Hit Parked Vehicle","01","Driver Rider","1: PDO","No Control","","",1331021.16,1669872.54,"13310211669873"
"2015-5263-27/05/2021","2 Metropolitan","MORPHETT VALE","5162","CITY OF ONKAPARINGA",2,1,0,0,1,2015,"April","Monday","02:10 pm","060","Divided Road","Straight road","Level","Driveway or Entrance","Sealed","Dry","Not Raining","Daylight","Rear End","02","Driver Rider","2: MI","No Control","","",1320807.08,1648832.34,"13208071648832"
"2015-5264-27/05/2021","2 Metropolitan","BEVERLEY","5009","CITY OF CHARLES STURT",2,1,0,0,1,2015,"April","Tuesday","07:00 pm","060","T-Junction","Straight road","Level","Not Applicable","Sealed","Dry","Not Raining","Night","Rear End","02","Driver Rider","2: MI","Traffic Signals","","",1324202.16,1673179.38,"13242021673179"
"2015-5265-27/05/2021","3 Country","KAROONDA","5307","DC KAROONDA EAST MURRAY.      ",1,0,0,0,0,2015,"April","Sunday","01:05 pm","100","Not Divided","CURVED, VIEW OPEN","Level","Not Applicable","Unsealed","Dry","Not Raining","Daylight","Left Road - Out of Control","01","Driver Rider","1: PDO","No Control","","",1449672.41,1633506.31,"14496721633506"
"2015-5266-27/05/2021","1 City","ADELAIDE","5000","CITY OF ADELAIDE",2,1,0,0,1,2015,"April","Tuesday","08:30 pm","050","Cross Road","Straight road","Level","Not Applicable","Sealed","Dry","Not Raining","Night","Hit Pedestrian","01","Driver Rider","2: MI","Traffic Signals","","",1329584.36,1670218.48,"13295841670218"
"2015-5267-27/05/2021","2 Metropolitan","WARRADALE","5046","CC MARION.                    ",3,0,0,0,0,2015,"April","Wednesday","11:50 am","060","Divided Road","Straight road","Level","Not Applicable","Sealed","Dry","Not Raining","Daylight","Rear End","02","Driver Rider","1: PDO","No Control","","",1322724.57,1662337.65,"13227251662338"
"2015-5268-27/05/2021","3 Country","WALLAROO MINES","5554","COPPER COAST DISTRICT COUNCIL",2,1,0,0,1,2015,"April","Wednesday","12:50 pm","060","Cross Road","Straight road","Level","Not Applicable","Sealed","Dry","Not Raining","Daylight","Right Angle","02","Driver Rider","2: MI","Give Way Sign","","",1248205.19,1780392.12,"12482051780392"
"2015-5269-27/05/2021","2 Metropolitan","WARRADALE","5046","CC MARION.                    ",2,1,0,0,1,2015,"April","Wednesday","12:30 pm","060","Divided Road","Straight road","Level","Roadworks","Sealed","Dry","Not Raining","Daylight","Rear End","02","Driver Rider","2: MI","No Control","","",1322471.05,1663042.91,"13224711663043"
"2015-5270-27/05/2021","3 Country","PORT LINCOLN","5606","CC PT.LINCOLN.                ",2,0,0,0,0,2015,"April","Wednesday","08:00 am","050","T-Junction","Straight road","Level","Not Applicable","Sealed","Dry","Not Raining","Daylight","Right Angle","01","Driver Rider","1: PDO","Give Way Sign","","",1078358.58,1696020.81,"10783591696021"
"2015-5271-27/05/2021","2 Metropolitan","TORRENS PARK","5062","CC MITCHAM.                   ",2,1,0,0,1,2015,"April","Wednesday","07:45 am","050","Not Divided","Straight road","Level","Driveway or Entrance","Sealed","Dry","Not Raining","Daylight","Right Angle","01","Driver Rider","2: MI","No Control","","",1329646.64,1664914.8,"13296471664915"
"2015-5272-27/05/2021","1 City","ADELAIDE","5000","CITY OF ADELAIDE",2,0,0,0,0,2015,"April","Wednesday","01:10 pm","050","Divided Road","Straight road","Level","Not Applicable","Sealed","Dry","Not Raining","Daylight","Side Swipe","02","Driver Rider","1: PDO","No Control","","",1327882.57,1670863.28,"13278831670863"
"2015-5273-27/05/2021","3 Country","THOMAS PLAIN","5554","BARUNGA WEST DISTRICT COUNCIL",2,0,0,0,0,2015,"April","Tuesday","03:00 pm","100","Not Divided","Straight road","Level","Not Applicable","Unsealed","Dry","Not Raining","Daylight","Hit Fixed Object","09","Other","1: PDO","No Control","","",1269098.15,1783608.52,"12690981783609"
"2015-5274-27/05/2021","2 Metropolitan","KENT TOWN","5067","CC OF NORWOOD,PAYNEHAM & ST PETERS",2,0,0,0,0,2015,"April","Wednesday","08:10 am","060","T-Junction","CURVED, VIEW OPEN","Level","Not Applicable","Sealed","Dry","Not Raining","Daylight","Right Angle","01","Driver Rider","1: PDO","Roundabout","","",1330555.43,1670400.29,"13305551670400"
"2015-5275-27/05/2021","1 City","NORTH ADELAIDE","5006","CITY OF ADELAIDE",2,1,0,0,1,2015,"April","Wednesday","12:45 pm","050","Not Divided","Straight road","Level","Not Applicable","Sealed","Dry","Not Raining","Daylight","Side Swipe","02","Driver Rider","2: MI","No Control","","",1328810.85,1672275.86,"13288111672276"
"2015-5276-27/05/2021","3 Country","RENMARK","5341","DC RENMARK PARINGA            ",2,0,0,0,0,2015,"April","Wednesday","02:15 pm","050","Not Divided","Straight road","Level","Not Applicable","Sealed","Dry","Not Raining","Daylight","Hit Parked Vehicle","01","Driver Rider","1: PDO","No Control","","",1528892.07,1745548.15,"15288921745548"
"2015-5277-27/05/2021","2 Metropolitan","MAWSON LAKES","5095","CITY OF SALISBURY",2,1,0,0,1,2015,"April","Wednesday","02:50 pm","070","Divided Road","Straight road","Level","Not Applicable","Sealed","Dry","Not Raining","Daylight","Rear End","02","Driver Rider","2: MI","No Control","","",1329501.32,1684369.6,"13295011684370"
"2015-5278-27/05/2021","1 City","ADELAIDE","5000","CITY OF ADELAIDE",2,0,0,0,0,2015,"April","Tuesday","03:30 pm","050","Not Divided","Straight road","Level","Not Applicable","Sealed","Dry","Not Raining","Daylight","Right Turn","01","Driver Rider","1: PDO","No Control","","",1328688.61,1669578.81,"13286891669579"
"2015-5279-27/05/2021","2 Metropolitan","MAWSON LAKES","5095","CITY OF SALISBURY",3,0,0,0,0,2015,"April","Wednesday","03:40 pm","070","Divided Road","Straight road","Level","Not Applicable","Sealed","Dry","Not Raining","Daylight","Rear End","01","Driver Rider","1: PDO","No Control","","",1329191.4,1683976.37,"13291911683976"
"2015-5280-27/05/2021","2 Metropolitan","GLENSIDE","5065","CITY OF BURNSIDE",2,0,0,0,0,2015,"April","Monday","04:30 pm","050","Not Divided","Straight road","Level","Not Applicable","Sealed","Dry","Not Raining","Daylight","Side Swipe","01","Driver Rider","1: PDO","No Control","","",1332157.17,1668880.19,"13321571668880"
"2015-5281-27/05/2021","2 Metropolitan","FLINDERS PARK","5025","CITY OF CHARLES STURT",2,0,0,0,0,2015,"April","Wednesday","08:10 am","060","Divided Road","Straight road","Level","Not Applicable","Sealed","Dry","Not Raining","Daylight","Side Swipe","01","Driver Rider","1: PDO","No Control","","",1323153.23,1673141.8,"13231531673142"
"2015-5282-27/05/2021","2 Metropolitan","CUDLEE CREEK","5232","THE ADELAIDE HILLS COUNCIL",2,1,0,0,1,2015,"April","Wednesday","12:30 pm","080","Not Divided","CURVED, VIEW OPEN","Level","Not Applicable","Sealed","Dry","Not Raining","Daylight","Hit Fixed Object","09","Other","2: MI","No Control","","",1352395.97,1676492.95,"13523961676493"
"2015-5283-27/05/2021","2 Metropolitan","REGENCY PARK","5010","CITY OF PORT ADELAIDE ENFIELD",2,0,0,0,0,2015,"April","Wednesday","04:48 pm","060","Cross Road","Straight road","Level","Not Applicable","Sealed","Dry","Not Raining","Daylight","Right Turn","02","Driver Rider","1: PDO","Traffic Signals","","",1325607.25,1676354.38,"13256071676354"
"2015-5284-27/05/2021","2 Metropolitan","DRY CREEK","5094","CITY OF PORT ADELAIDE ENFIELD",2,1,0,0,1,2015,"April","Wednesday","04:50 pm","060","Ramp Off","Straight road","Level","Not Applicable","Sealed","Dry","Not Raining","Daylight","Rear End","02","Driver Rider","2: MI","No Control","","",1323784.98,1681057.47,"13237851681057"
"2015-5285-27/05/2021","2 Metropolitan","INGLE FARM","5098","CITY OF SALISBURY",3,0,0,0,0,2015,"April","Tuesday","05:30 pm","060","T-Junction","Straight road","Slope","Unknown","Sealed","Dry","Not Raining","Daylight","Right Angle","02","Driver Rider","1: PDO","No Control","","",1333548.07,1681245.39,"13335481681245"
"2015-5286-27/05/2021","2 Metropolitan","POORAKA","5095","CITY OF SALISBURY",2,0,0,0,0,2015,"April","Wednesday","05:25 pm","050","Not Divided","Straight road","Level","Not Applicable","Sealed","Dry","Not Raining","Daylight","Hit Fixed Object","01","Driver Rider","1: PDO","No Control","","",1330495.87,1680900.83,"13304961680901"
"2015-5287-27/05/2021","3 Country","WHYALLA NORRIE","5608","CC WHYALLA.                   ",2,1,0,0,1,2015,"April","Wednesday","04:50 pm","060","T-Junction","Straight road","Level","Not Applicable","Sealed","Dry","Not Raining","Daylight","Rear End","01","Driver Rider","2: MI","Give Way Sign","","",1236587.68,1883547.3,"12365881883547"
"2015-5288-27/05/2021","2 Metropolitan","WARRADALE","5046","CC MARION.                    ",2,1,0,0,1,2015,"April","Wednesday","05:00 pm","060","T-Junction","Straight road","Level","Not Applicable","Sealed","Dry","Not Raining","Daylight","Rear End","02","Driver Rider","2: MI","No Control","","",1322503.52,1661911.18,"13225041661911"
"2015-5289-27/05/2021","3 Country","GIFFORD HILL","5253","RC MURRAY BRIDGE.             ",2,0,0,0,0,2015,"April","Thursday","01:40 am","080","Ramp On","CURVED, VIEW OPEN","Level","Not Applicable","Sealed","Dry","Not Raining","Night","Hit Fixed Object","01","Driver Rider","1: PDO","No Control","","",1384456.07,1644242.1,"13844561644242"
"2015-5290-27/05/2021","2 Metropolitan","HACKHAM","5163","CITY OF ONKAPARINGA",2,0,0,0,0,2015,"April","Thursday","01:50 am","050","Not Divided","CURVED, VIEW OPEN","Level","Not Applicable","Sealed","Dry","Not Raining","Night","Hit Fixed Object","01","Driver Rider","1: PDO","No Control","","",1321092.25,1646540.29,"13210921646540"
"2015-5291-27/05/2021","2 Metropolitan","WATERLOO CORNER","5110","CITY OF PLAYFORD.",2,0,0,0,0,2015,"April","Thursday","03:45 am","090","Cross Road","Straight road","Level","Not Applicable","Sealed","Dry","Not Raining","Night","Hit Fixed Object","01","Driver Rider","1: PDO","Stop Sign","","",1329037.55,1693187.23,"13290381693187"
"2015-5292-27/05/2021","3 Country","WARNERTOWN","5540","PT.PIRIE CITY & DIST. COUNCIL ",2,0,0,0,0,2015,"April","Thursday","05:14 am","110","Not Divided","CURVED, VIEW OPEN","Level","Not Applicable","Sealed","Dry","Not Raining","Night","Hit Fixed Object","01","Driver Rider","1: PDO","No Control","","",1292962.83,1855757.25,"12929631855757"
"2015-5293-27/05/2021","3 Country","SANDY CREEK","5350","THE BAROSSA COUNCIL.",2,0,0,0,0,2015,"April","Thursday","09:16 am","060","T-Junction","CURVED, VIEW OPEN","Level","Driveway or Entrance","Sealed","Dry","Not Raining","Daylight","Right Angle","02","Driver Rider","1: PDO","No Control","","",1350464,1705220.2,"13504641705220"
"2015-5294-27/05/2021","3 Country","KAPUNDA","5373","LIGHT REGIONAL COUNCIL",3,0,0,0,0,2015,"April","Thursday","03:30 am","100","Not Divided","Straight road","Level","Not Applicable","Sealed","Dry","Not Raining","Night","Hit Fixed Object","01","Driver Rider","1: PDO","No Control","","",1358042.73,1735775.69,"13580431735776"
"2015-5295-27/05/2021","2 Metropolitan","NORWOOD","5067","CC OF NORWOOD,PAYNEHAM & ST PETERS",2,0,0,0,0,2015,"April","Thursday","10:10 am","060","Cross Road","Straight road","Level","Not Applicable","Sealed","Dry","Not Raining","Daylight","Hit Fixed Object","09","Other","1: PDO","Roundabout","","",1330623.32,1670361.88,"13306231670362"
"2015-5296-27/05/2021","2 Metropolitan","LOCKLEYS","5032","CITY OF WEST TORRENS",2,0,0,0,0,2015,"April","Wednesday","05:30 pm","060","Cross Road","Straight road","Level","Not Applicable","Sealed","Dry","Not Raining","Daylight","Rear End","01","Driver Rider","1: PDO","Traffic Signals","","",1322502.15,1670764.74,"13225021670765"
"2015-5297-27/05/2021","1 City","ADELAIDE","5000","CITY OF ADELAIDE",4,0,0,0,0,2015,"April","Wednesday","06:11 pm","060","Divided Road","Straight road","Crest of Hill","Bridge, Culvert, Causeway","Sealed","Dry","Not Raining","Night","Rear End","01","Driver Rider","1: PDO","No Control","","",1327899.9,1671053.7,"13279001671054"
"2015-5298-27/05/2021","2 Metropolitan","VALE PARK","5081","WALKERVILLE TOWN COUNCIL",2,0,0,0,0,2015,"April","Wednesday","12:15 pm","060","Cross Road","Straight road","Level","Not Applicable","Sealed","Dry","Not Raining","Daylight","Rear End","01","Driver Rider","1: PDO","Traffic Signals","","",1330635.32,1675352.25,"13306351675352"
"2015-5299-27/05/2021","2 Metropolitan","CLAPHAM","5062","CC MITCHAM.                   ",2,1,0,0,1,2015,"April","Thursday","09:30 am","050","T-Junction","CURVED, VIEW OPEN","Slope","Not Applicable","Sealed","Dry","Not Raining","Daylight","Right Angle","02","Driver Rider","2: MI","Give Way Sign","","",1328423.12,1663095.24,"13284231663095"
"2015-5300-27/05/2021","2 Metropolitan","LEAWOOD GARDENS","5150","CC MITCHAM.                   ",3,0,0,0,0,2015,"April","Thursday","08:55 am","100","Ramp Off","CURVED, VIEW OPEN","Slope","Not Applicable","Sealed","Dry","Not Raining","Daylight","Hit Object on Road","01","Driver Rider","1: PDO","No Control","","",1333816.58,1665590.66,"13338171665591"
"2015-5301-27/05/2021","3 Country","MCCRACKEN","5211","DC VICTOR HARBOR.             ",2,0,0,0,0,2015,"April","Thursday","10:00 am","060","T-Junction","Straight road","Slope","Not Applicable","Sealed","Dry","Not Raining","Daylight","Right Angle","02","Driver Rider","1: PDO","No Control","","",1329703.84,1602693.03,"13297041602693"
"2015-5302-27/05/2021","2 Metropolitan","CHRISTIE DOWNS","5164","CITY OF ONKAPARINGA",2,1,0,1,0,2015,"April","Thursday","08:45 am","050","T-Junction","Straight road","Level","Not Applicable","Sealed","Dry","Not Raining","Daylight","Right Angle","01","Driver Rider","3: SI","No Control","","",1318691.69,1647876.55,"13186921647877"
"2015-5303-27/05/2021","2 Metropolitan","GLYNDE","5070","CC OF NORWOOD,PAYNEHAM & ST PETERS",3,1,0,0,1,2015,"April","Thursday","09:18 am","060","Cross Road","CURVED, VIEW OPEN","Level","Not Applicable","Sealed","Dry","Not Raining","Daylight","Hit Fixed Object","01","Driver Rider","2: MI","Traffic Signals","","",1333785.54,1674516.59,"13337861674517"
"2015-5304-27/05/2021","2 Metropolitan","ST GEORGES","5064","CITY OF BURNSIDE",2,0,0,0,0,2015,"April","Thursday","09:00 am","060","T-Junction","Straight road","Slope","Unknown","Sealed","Dry","Not Raining","Daylight","Side Swipe","02","Driver Rider","1: PDO","No Control","","",1332339.52,1667980,"13323401667980"
"2015-5305-27/05/2021","2 Metropolitan","BEVERLEY","5009","CITY OF CHARLES STURT",2,0,0,0,0,2015,"April","Wednesday","10:40 am","060","Divided Road","Straight road","Level","Not Applicable","Sealed","Dry","Not Raining","Daylight","Rear End","01","Driver Rider","1: PDO","No Control","","",1323826.36,1674887.05,"13238261674887"
"2015-5306-27/05/2021","2 Metropolitan","WARRADALE","5046","CC MARION.                    ",3,1,0,1,0,2015,"April","Wednesday","02:20 pm","060","Divided Road","Straight road","Level","Not Applicable","Sealed","Dry","Not Raining","Daylight","Hit Parked Vehicle","01","Driver Rider","3: SI","No Control","","",1322502.12,1663043.98,"13225021663044"
"2015-5307-27/05/2021","1 City","ADELAIDE","5000","CITY OF ADELAIDE",2,1,0,0,1,2015,"April","Wednesday","02:35 pm","050","One Way","Straight road","Level","Not Applicable","Sealed","Dry","Not Raining","Daylight","Hit Pedestrian","01","Pedestrian","2: MI","No Control","","",1329110.6,1670947.81,"13291111670948"
"2015-5308-27/05/2021","2 Metropolitan","CRAFERS WEST","5152","THE ADELAIDE HILLS COUNCIL",2,0,0,0,0,2015,"April","Thursday","08:53 am","090","Freeway","CURVED, VIEW OPEN","Slope","Not Applicable","Sealed","Dry","Not Raining","Daylight","Side Swipe","02","Driver Rider","1: PDO","No Control","","",1335946.08,1664473.42,"13359461664473"
"2015-5309-27/05/2021","2 Metropolitan","NORWOOD","5067","CC OF NORWOOD,PAYNEHAM & ST PETERS",2,0,0,0,0,2015,"April","Thursday","12:00 pm","060","Cross Road","Straight road","Level","Not Applicable","Sealed","Dry","Not Raining","Daylight","Right Angle","02","Driver Rider","1: PDO","Roundabout","","",1330623.32,1670361.88,"13306231670362"
"2015-5310-27/05/2021","2 Metropolitan","ELIZABETH SOUTH","5112","CITY OF PLAYFORD.",3,1,0,0,1,2015,"April","Thursday","11:30 am","060","Not Divided","Straight road","Level","Not Applicable","Sealed","Dry","Not Raining","Daylight","Head On","01","Driver Rider","2: MI","No Control","","",1335081.56,1692176.97,"13350821692177"
"2015-5311-27/05/2021","2 Metropolitan","SALISBURY EAST","5109","CITY OF SALISBURY",2,0,0,0,0,2015,"April","Thursday","10:00 am","080","Divided Road","Straight road","Level","Not Applicable","Sealed","Dry","Not Raining","Daylight","Rear End","02","Driver Rider","1: PDO","No Control","","",1333386.22,1685485.86,"13333861685486"
"2015-5312-27/05/2021","2 Metropolitan","WALKERVILLE","5081","WALKERVILLE TOWN COUNCIL",2,1,0,0,1,2015,"April","Wednesday","08:45 pm","060","Cross Road","Straight road","Level","Not Applicable","Sealed","Dry","Not Raining","Night","Rear End","02","Driver Rider","2: MI","Traffic Signals","","",1329483.39,1674233.16,"13294831674233"
"2015-5313-27/05/2021","2 Metropolitan","NORWOOD","5067","CC OF NORWOOD,PAYNEHAM & ST PETERS",2,0,0,0,0,2015,"April","Wednesday","08:15 am","060","Cross Road","Straight road","Level","Unknown","Sealed","Dry","Not Raining","Daylight","Side Swipe","01","Driver Rider","1: PDO","Stop Sign","","",1331874.28,1670398.69,"13318741670399"
"2015-5314-27/05/2021","2 Metropolitan","KENSINGTON","5068","CC OF NORWOOD,PAYNEHAM & ST PETERS",3,0,0,0,0,2015,"April","Thursday","11:40 am","060","T-Junction","Straight road","Level","Not Applicable","Sealed","Dry","Not Raining","Daylight","Rear End","02","Driver Rider","1: PDO","No Control","","",1332574.26,1670424.54,"13325741670425"
"2015-5315-27/05/2021","3 Country","GLADSTONE","5473","NORTHERN AREAS DISTRICT COUNCIL",1,1,0,0,1,2015,"April","Friday","08:15 am","100","Not Divided","Straight road","Slope","Not Applicable","Sealed","Dry","Not Raining","Daylight","Roll Over","01","Driver Rider","2: MI","No Control","","",1308693.78,1851616.43,"13086941851616"
"2015-5316-27/05/2021","3 Country","PORT PIRIE","5540","PT.PIRIE CITY & DIST. COUNCIL ",2,0,0,0,0,2015,"April","Thursday","11:45 am","050","Not Divided","Straight road","Level","Unknown","Sealed","Dry","Not Raining","Daylight","Side Swipe","01","Driver Rider","1: PDO","No Control","","",1279928.31,1865999.35,"12799281865999"
"2015-5317-27/05/2021","3 Country","WILLIAMSTOWN","5351","THE BAROSSA COUNCIL.",2,0,0,0,0,2015,"April","Thursday","02:33 pm","100","Not Divided","Straight road","Level","Not Applicable","Sealed","Dry","Not Raining","Daylight","Hit Fixed Object","01","Other","1: PDO","No Control","","",1355045.2,1699865.38,"13550451699865"
"2015-5318-27/05/2021","2 Metropolitan","BROOKLYN PARK","5032","CITY OF WEST TORRENS",3,1,0,0,1,2015,"April","Monday","02:50 pm","060","T-Junction","Straight road","Level","Not Applicable","Sealed","Dry","Not Raining","Daylight","Right Angle","02","Driver Rider","2: MI","No Control","","",1324123.12,1670523.1,"13241231670523"
"2015-5319-27/05/2021","2 Metropolitan","MILE END","5031","CITY OF WEST TORRENS",2,1,0,0,1,2015,"April","Thursday","02:49 pm","060","T-Junction","CURVED, VIEW OPEN","Level","Not Applicable","Sealed","Dry","Not Raining","Daylight","Right Turn","02","Driver Rider","2: MI","Traffic Signals","","",1326279.99,1670246.25,"13262801670246"
"2015-5320-27/05/2021","3 Country","MOUNT BRYAN","5418","REGIONAL COUNCIL OF GOYDER",2,0,0,0,0,2015,"April","Thursday","03:00 pm","110","Not Divided","Straight road","Level","Not Applicable","Sealed","Dry","Not Raining","Daylight","Side Swipe","02","Driver Rider","1: PDO","No Control","","",1360328.9,1818109.93,"13603291818110"
"2015-5321-27/05/2021","1 City","ADELAIDE","5000","CITY OF ADELAIDE",2,1,0,0,1,2015,"March","Friday","09:30 pm","050","Divided Road","Straight road","Level","Not Applicable","Sealed","Dry","Not Raining","Night","Hit Pedestrian","01","Pedestrian","2: MI","No Control","","",1328142.19,1670338.22,"13281421670338"
"2015-5322-27/05/2021","2 Metropolitan","SALISBURY HEIGHTS","5109","CITY OF SALISBURY",2,0,0,0,0,2015,"April","Thursday","03:50 pm","060","Cross Road","Straight road","Slope","Not Applicable","Sealed","Dry","Not Raining","Daylight","Right Turn","01","Driver Rider","1: PDO","Traffic Signals","","",1336140.78,1687771.67,"13361411687772"
"2015-5323-27/05/2021","2 Metropolitan","KENSINGTON PARK","5068","CITY OF BURNSIDE",2,0,0,0,0,2015,"April","Thursday","04:05 pm","060","Cross Road","Straight road","Level","Not Applicable","Sealed","Dry","Not Raining","Daylight","Hit Fixed Object","01","Driver Rider","1: PDO","Traffic Signals","","",1333879.5,1671121.62,"13338801671122"
"2015-5324-27/05/2021","2 Metropolitan","ST MARYS","5042","CC MITCHAM.                   ",3,0,0,0,0,2015,"April","Thursday","01:45 pm","060","Divided Road","Straight road","Level","Not Applicable","Sealed","Dry","Not Raining","Daylight","Side Swipe","01","Driver Rider","1: PDO","No Control","","",1325978.8,1662779.82,"13259791662780"
"2015-5325-27/05/2021","1 City","NORTH ADELAIDE","5006","CITY OF ADELAIDE",2,0,0,0,0,2015,"April","Thursday","04:10 pm","050","Cross Road","Straight road","Level","Not Applicable","Sealed","Dry","Not Raining","Daylight","Side Swipe","02","Driver Rider","1: PDO","Give Way Sign","","",1328420.82,1672050.87,"13284211672051"
"2015-5326-27/05/2021","2 Metropolitan","POORAKA","5095","CITY OF SALISBURY",2,0,0,0,0,2015,"April","Thursday","08:50 am","050","Not Divided","Straight road","Level","Not Applicable","Sealed","Dry","Not Raining","Daylight","Hit Parked Vehicle","02","Driver Rider","1: PDO","No Control","","",1330129.67,1680864.24,"13301301680864"
"2015-5327-27/05/2021","2 Metropolitan","PROSPECT","5082","CITY OF PROSPECT",2,0,0,0,0,2015,"April","Thursday","12:45 pm","060","Not Divided","Straight road","Level","Driveway or Entrance","Sealed","Dry","Not Raining","Daylight","Right Angle","02","Driver Rider","1: PDO","No Control","","",1327280.87,1674559.68,"13272811674560"
"2015-5328-27/05/2021","2 Metropolitan","BANKSIA PARK","5091","CITY OF TEA TREE GULLY",2,0,0,0,0,2015,"April","Thursday","05:00 pm","050","T-Junction","Straight road","Level","Not Applicable","Sealed","Dry","Not Raining","Daylight","Rear End","01","Driver Rider","1: PDO","No Control","","",1340290.63,1682877.65,"13402911682878"
"2015-5329-27/05/2021","2 Metropolitan","STURT","5047","CC MARION.                    ",3,3,0,0,3,2015,"April","Thursday","05:19 pm","070","T-Junction","Straight road","Slope","Not Applicable","Sealed","Dry","Not Raining","Daylight","Right Turn","01","Driver Rider","2: MI","Traffic Signals","","",1324436.61,1659891.18,"13244371659891"
"2015-5330-27/05/2021","2 Metropolitan","MOUNT BARKER","5251","DC MT.BARKER.                 ",2,0,0,0,0,2015,"April","Thursday","02:15 pm","080","T-Junction","CURVED, VIEW OPEN","Slope","Not Applicable","Sealed","Dry","Not Raining","Daylight","Hit Fixed Object","01","Driver Rider","1: PDO","Give Way Sign","","",1349673.94,1651511.9,"13496741651512"
"2015-5331-27/05/2021","2 Metropolitan","WEST LAKES","5021","CITY OF CHARLES STURT",2,1,0,0,1,2015,"April","Thursday","06:45 pm","060","T-Junction","Straight road","Level","Not Applicable","Sealed","Dry","Not Raining","Night","Hit Pedestrian","02","Pedestrian","2: MI","No Control","","",1318842.54,1676466.2,"13188431676466"
"2015-5332-27/05/2021","2 Metropolitan","GAWLER SOUTH","5118","CT GAWLER.                    ",3,0,0,0,0,2015,"April","Thursday","08:45 pm","050","Not Divided","Straight road","Level","Not Applicable","Sealed","Dry","Not Raining","Night","Rear End","01","Driver Rider","1: PDO","No Control","","",1342886.55,1705530.42,"13428871705530"
"2015-5333-27/05/2021","2 Metropolitan","RIDLEYTON","5008","CITY OF CHARLES STURT",3,0,0,0,0,2015,"April","Thursday","09:45 pm","060","Cross Road","Straight road","Level","Not Applicable","Sealed","Dry","Not Raining","Night","Right Turn","01","Driver Rider","1: PDO","Traffic Signals","","",1325910.89,1674899.36,"13259111674899"
"2015-5334-27/05/2021","2 Metropolitan","PARA HILLS WEST","5096","CITY OF SALISBURY",2,0,0,0,0,2015,"April","Thursday","09:10 pm","050","Not Divided","Straight road","Level","Not Applicable","Sealed","Dry","Not Raining","Night","Hit Fixed Object","09","Other","1: PDO","No Control","","",1333749.06,1684204.72,"13337491684205"
"2015-5335-27/05/2021","2 Metropolitan","BASKET RANGE","5138","THE ADELAIDE HILLS COUNCIL",1,0,0,0,0,2015,"April","Thursday","05:25 am","080","Not Divided","CURVED, VIEW OBSCURED","Slope","Not Applicable","Sealed","Wet","Raining","Night","Roll Over","01","Driver Rider","1: PDO","No Control","","",1342930.62,1668583.7,"13429311668584"
"2015-5336-27/05/2021","2 Metropolitan","WINDSOR GARDENS","5087","CITY OF PORT ADELAIDE ENFIELD",2,0,0,0,0,2015,"April","Thursday","11:35 pm","060","Divided Road","Straight road","Level","Not Applicable","Sealed","Dry","Not Raining","Night","Hit Fixed Object","01","Driver Rider","1: PDO","No Control","","",1333566.29,1677880.55,"13335661677881"
"2015-5337-27/05/2021","3 Country","WHITE HUT","5575","YORKE PENINSULA COUNCIL",2,1,0,0,1,2015,"April","Thursday","03:55 pm","100","Not Divided","Straight road","Level","Not Applicable","Sealed","Dry","Not Raining","Daylight","Hit Animal","02","Animal","2: MI","No Control","","",1182878.35,1660191.98,"11828781660192"
"2015-5338-27/05/2021","2 Metropolitan","ST MARYS","5042","CC MITCHAM.                   ",2,0,0,0,0,2015,"May","Friday","08:00 am","070","Divided Road","Straight road","Crest of Hill","Not Applicable","Sealed","Dry","Not Raining","Daylight","Rear End","01","Driver Rider","1: PDO","No Control","","",1326685.48,1661305.08,"13266851661305"