"REPORT_ID","Stats Area","Suburb","Postcode","LGA Name","Total Units","Total Cas","Total Fats","Total SI","Total MI","Year","Month","Day","Time","Area Speed","Position Type","Horizontal Align","Vertical Align","Other Feat","Road Surface","Moisture Cond","Weather Cond","DayNight","Crash Type","Unit Resp","Entity Code","CSEF Severity","Traffic Ctrls","DUI Involved","Drugs Involved","ACCLOC_X","ACCLOC_Y","UNIQUE_LOC"
"2015-5421-27/05/2021","2 Metropolitan","NAIRNE","5252","DC MT.BARKER.                 ",2,1,0,0,1,2015,"May","Saturday","01:30 pm","060","T-Junction","Straight road","Slope","Not Applicable","Sealed","Dry","Not Raining","Daylight","Right Angle","02","Driver Rider","2: MI","Stop Sign","","",1354819.8,1657079.1,"13548201657079"
"2015-5422-27/05/2021","2 Metropolitan","BASKET RANGE","5138","THE ADELAIDE HILLS COUNCIL",2,2,0,1,1,2015,"May","Sunday","09:30 am","080","Divided Road","CURVED, VIEW OBSCURED","Slope","Not Applicable","Sealed","Dry","Not Raining","Daylight","Head On","01","Driver Rider","3: SI","No Control","","",1343874.02,1668578.37,"13438741668578"
"2015-5423-27/05/2021","3 Country","RUDALL","5642","DC CLEVE.                     ",2,1,0,0,1,2015,"May","Saturday","08:20 pm","110","Not Divided","Straight road","Level","Not Applicable","Sealed","Dry","Not Raining","Night","Hit Fixed Object","01","Driver Rider","2: MI","No Control","Y","",1126135.49,1812123.83,"11261351812124"
"2015-5424-27/05/2021","3 Country","FLINDERS RANGES","5434",,2,0,0,0,0,2015,"April","Thursday","11:10 pm","110","Not Divided","Straight road","Level","Not Applicable","Sealed","Dry","Not Raining","Night","Hit Animal","02","Animal","1: PDO","No Control","","",1340237.75,2030960.22,"13402382030960"
"2015-5425-27/05/2021","2 Metropolitan","PARKSIDE","5063","CITY OF UNLEY",2,0,0,0,0,2015,"May","Saturday","03:00 pm","060","Cross Road","Straight road","Level","Not Applicable","Sealed","Dry","Not Raining","Daylight","Rear End","02","Driver Rider","1: PDO","Traffic Signals","","",1330707.08,1668319.59,"13307071668320"
"2015-5426-27/05/2021","3 Country","TAILEM BEND","5260","COORONG DISTRICT COUNCIL",2,1,0,0,1,2015,"May","Sunday","12:05 pm","110","Not Divided","Straight road","Level","Not Applicable","Sealed","Dry","Not Raining","Daylight","Hit Fixed Object","01","Driver Rider","2: MI","No Control","","",1403344.42,1633600.81,"14033441633601"
"2015-5427-27/05/2021","2 Metropolitan","SALISBURY NORTH","5108","CITY OF SALISBURY",2,0,0,0,0,2015,"May","Sunday","11:45 am","060","Not Divided","Straight road","Level","Driveway or Entrance","Sealed","Dry","Not Raining","Daylight","Side Swipe","02","Driver Rider","1: PDO","No Control","","",1331917.74,1689428.67,"13319181689429"
"2015-5428-27/05/2021","2 Metropolitan","MITCHELL PARK","5043","CC MARION.                    ",2,2,0,0,2,2015,"May","Sunday","12:45 pm","060","Divided Road","Straight road","Level","Driveway or Entrance","Sealed","Dry","Not Raining","Daylight","Right Angle","01","Driver Rider","2: MI","No Control","","",1324385.48,1661372.41,"13243851661372"
"2015-5429-27/05/2021","2 Metropolitan","FITZROY","5082","CITY OF PROSPECT",3,0,0,0,0,2015,"May","Friday","05:30 pm","060","Cross Road","Straight road","Level","Not Applicable","Sealed","Dry","Not Raining","Daylight","Rear End","01","Driver Rider","1: PDO","Traffic Signals","","",1327525.73,1673625.28,"13275261673625"
"2015-5430-27/05/2021","2 Metropolitan","PLYMPTON","5038","CITY OF WEST TORRENS",3,0,0,0,0,2015,"May","Sunday","11:50 am","060","Not Divided","Straight road","Level","Not Applicable","Sealed","Dry","Not Raining","Daylight","Rear End","02","Driver Rider","1: PDO","No Control","","",1323940.01,1666098.37,"13239401666098"
"2015-5431-27/05/2021","2 Metropolitan","FULHAM GARDENS","5024","CITY OF CHARLES STURT",2,0,0,0,0,2015,"May","Sunday","02:00 pm","050","Not Divided","Straight road","Level","Not Applicable","Sealed","Dry","Not Raining","Daylight","Hit Parked Vehicle","01","Driver Rider","1: PDO","No Control","","",1320157.58,1671981.7,"13201581671982"
"2015-5432-27/05/2021","2 Metropolitan","GUMERACHA","5233","THE ADELAIDE HILLS COUNCIL",1,0,0,0,0,2015,"May","Sunday","11:30 am","080","Not Divided","Straight road","Level","Bridge, Culvert, Causeway","Sealed","Dry","Not Raining","Daylight","Left Road - Out of Control","01","Driver Rider","1: PDO","No Control","","",1351837.51,1680574.91,"13518381680575"
"2015-5433-27/05/2021","2 Metropolitan","KESWICK","5035","CITY OF WEST TORRENS",2,0,0,0,0,2015,"May","Saturday","07:00 pm","060","Cross Road","Straight road","Level","Roadworks","Sealed","Dry","Not Raining","Night","Hit Pedestrian","01","Driver Rider","1: PDO","Traffic Signals","","",1325798.69,1668947.66,"13257991668948"
"2015-5434-27/05/2021","2 Metropolitan","PARKSIDE","5063","CITY OF UNLEY",2,0,0,0,0,2015,"May","Saturday","02:00 am","060","Cross Road","Straight road","Level","Not Applicable","Sealed","Dry","Not Raining","Night","Rear End","02","Driver Rider","1: PDO","Traffic Signals","","",1330707.08,1668319.59,"13307071668320"
"2015-5435-27/05/2021","3 Country","BORDERTOWN","5268","DC TATIARA.                   ",2,1,0,1,0,2015,"May","Saturday","11:55 pm","050","Not Divided","Straight road","Level","Bridge, Culvert, Causeway","Sealed","Dry","Not Raining","Night","Hit Fixed Object","01","Driver Rider","3: SI","No Control","","",1518540.96,1508776.15,"15185411508776"
"2015-5436-27/05/2021","3 Country","BLINMAN","5730",,2,1,0,1,0,2015,"May","Sunday","09:00 am","090","Not Divided","CURVED, VIEW OBSCURED","Bottom of Hill","Not Applicable","Sealed","Dry","Not Raining","Daylight","Hit Fixed Object","01","Driver Rider","3: SI","No Control","","",1348993.1,2084662.81,"13489932084663"
"2015-5437-27/05/2021","3 Country","PENOLA","5277","WATTLE RANGE COUNCIL",2,2,0,0,2,2015,"May","Saturday","09:00 pm","050","Not Divided","Straight road","Level","Not Applicable","Sealed","Dry","Not Raining","Night","Hit Fixed Object","01","Driver Rider","2: MI","No Control","","",1517997.78,1390286.99,"15179981390287"
"2015-5438-27/05/2021","3 Country","KADINA","5554","COPPER COAST DISTRICT COUNCIL",1,1,0,0,1,2015,"May","Sunday","04:36 pm","100","Not Divided","Straight road","Level","Not Applicable","Sealed","Dry","Not Raining","Daylight","Roll Over","01","Driver Rider","2: MI","No Control","","",1251257.05,1781014.86,"12512571781015"
"2015-5439-27/05/2021","2 Metropolitan","HINDMARSH","5007","CITY OF CHARLES STURT",2,0,0,0,0,2015,"May","Friday","08:45 pm","060","Divided Road","Straight road","Level","Not Applicable","Sealed","Dry","Not Raining","Night","Side Swipe","01","Passenger","1: PDO","No Control","","",1326330.38,1672788.12,"13263301672788"
"2015-5440-27/05/2021","2 Metropolitan","ST GEORGES","5064","CITY OF BURNSIDE",2,0,0,0,0,2015,"May","Sunday","04:15 pm","050","Not Divided","Straight road","Slope","Not Applicable","Sealed","Dry","Not Raining","Daylight","Hit Parked Vehicle","01","Driver Rider","1: PDO","No Control","","",1332495.53,1667534.82,"13324961667535"
"2015-5441-27/05/2021","2 Metropolitan","HAWTHORN","5062","CC MITCHAM.                   ",2,0,0,0,0,2015,"May","Sunday","04:50 pm","060","Rail Crossing","Straight road","Level","Not Applicable","Sealed","Dry","Not Raining","Daylight","Rear End","02","Driver Rider","1: PDO","Rail Xing - Boom","","",1328093.96,1666220.8,"13280941666221"
"2015-5442-27/05/2021","2 Metropolitan","GAWLER EAST","5118","CT GAWLER.                    ",2,0,0,0,0,2015,"May","Sunday","05:20 pm","050","Not Divided","Straight road","Level","Driveway or Entrance","Sealed","Dry","Not Raining","Daylight","Right Angle","01","Driver Rider","1: PDO","No Control","","",1343429.8,1706125.17,"13434301706125"
"2015-5443-27/05/2021","2 Metropolitan","REYNELLA","5161","CITY OF ONKAPARINGA",2,1,0,0,1,2015,"May","Saturday","06:40 pm","050","Not Divided","Straight road","Slope","Not Applicable","Sealed","Dry","Not Raining","Night","Hit Parked Vehicle","02","Driver Rider","2: MI","No Control","","",1321631.2,1652200.35,"13216311652200"
"2015-5444-27/05/2021","2 Metropolitan","FAIRVIEW PARK","5126","CITY OF TEA TREE GULLY",2,0,0,0,0,2015,"May","Sunday","05:00 pm","050","Not Divided","CURVED, VIEW OPEN","Level","Driveway or Entrance","Sealed","Dry","Not Raining","Daylight","Right Angle","02","Driver Rider","1: PDO","No Control","","",1340821.72,1684182.15,"13408221684182"
"2015-5445-27/05/2021","2 Metropolitan","GAWLER BELT","5118","LIGHT REGIONAL COUNCIL",1,1,0,0,1,2015,"May","Sunday","05:30 pm","100","Not Divided","Straight road","Level","Not Applicable","Unsealed","Dry","Not Raining","Daylight","Roll Over","01","Driver Rider","2: MI","No Control","","",1340878.06,1709363.05,"13408781709363"
"2015-5446-27/05/2021","2 Metropolitan","PARAFIELD","5106","CITY OF SALISBURY",2,0,0,0,0,2015,"May","Sunday","05:25 pm","080","Cross Road","Straight road","Level","Not Applicable","Sealed","Dry","Not Raining","Daylight","Right Turn","01","Driver Rider","1: PDO","Traffic Signals","","",1331791.19,1683497.51,"13317911683498"
"2015-5447-27/05/2021","2 Metropolitan","PARAFIELD GARDENS","5107","CITY OF SALISBURY",3,1,0,0,1,2015,"May","Sunday","05:15 pm","060","Divided Road","Straight road","Level","Not Applicable","Sealed","Dry","Not Raining","Daylight","Hit Parked Vehicle","01","Driver Rider","2: MI","No Control","","",1331091.08,1686377.77,"13310911686378"
"2015-5448-27/05/2021","2 Metropolitan","ABERFOYLE PARK","5159","CITY OF ONKAPARINGA",2,0,0,0,0,2015,"May","Sunday","02:25 pm","050","T-Junction","CURVED, VIEW OPEN","Slope","Not Applicable","Sealed","Dry","Not Raining","Daylight","Right Angle","02","Driver Rider","1: PDO","Stop Sign","","",1329099.5,1654831.65,"13291001654832"
"2015-5449-27/05/2021","2 Metropolitan","PORT ADELAIDE","5015","CITY OF PORT ADELAIDE ENFIELD",2,0,0,0,0,2015,"May","Saturday","03:20 pm","050","Multiple","CURVED, VIEW OPEN","Level","Not Applicable","Sealed","Dry","Not Raining","Daylight","Right Turn","02","Driver Rider","1: PDO","Traffic Signals","","",1319866.72,1679909.05,"13198671679909"
"2015-5450-27/05/2021","2 Metropolitan","BROADVIEW","5083","CITY OF PROSPECT",4,0,0,0,0,2015,"May","Saturday","02:40 pm","050","Not Divided","Straight road","Level","Not Applicable","Sealed","Dry","Not Raining","Daylight","Hit Parked Vehicle","01","Driver Rider","1: PDO","No Control","","",1330126.95,1675775.83,"13301271675776"
"2015-5451-27/05/2021","3 Country","KUITPO","5201","ALEXANDRINA COUNCIL",1,1,0,0,1,2015,"May","Sunday","03:15 pm","100","Not Divided","CURVED, VIEW OPEN","Level","Not Applicable","Unsealed","Dry","Not Raining","Daylight","Roll Over","09","Other","2: MI","No Control","","",1333877.12,1634806.07,"13338771634806"
"2015-5452-27/05/2021","2 Metropolitan","OAKDEN","5086","CITY OF PORT ADELAIDE ENFIELD",2,0,0,0,0,2015,"May","Sunday","07:45 pm","050","Not Divided","Straight road","Level","Not Applicable","Sealed","Dry","Not Raining","Night","Hit Parked Vehicle","01","Driver Rider","1: PDO","No Control","Y","",1332602.32,1678078.57,"13326021678079"
"2015-5453-27/05/2021","3 Country","WILLOCHRA","5433","THE FLINDERS RANGES COUNCIL.",1,0,0,0,0,2015,"May","Sunday","01:00 pm","110","Not Divided","Straight road","Level","Not Applicable","Sealed","Dry","Not Raining","Daylight","Roll Over","01","Driver Rider","1: PDO","No Control","","",1295394.39,1970095.18,"12953941970095"
"2015-5454-27/05/2021","2 Metropolitan","KILBURN","5084","CITY OF PORT ADELAIDE ENFIELD",3,0,0,0,0,2015,"May","Monday","12:30 am","050","Not Divided","CURVED, VIEW OPEN","Level","Not Applicable","Sealed","Dry","Not Raining","Night","Hit Fixed Object","01","Driver Rider","1: PDO","No Control","Y","",1327670.13,1678121.72,"13276701678122"
"2015-5455-27/05/2021","2 Metropolitan","NORWOOD","5067","CC OF NORWOOD,PAYNEHAM & ST PETERS",2,0,0,0,0,2015,"May","Monday","02:00 am","050","Cross Road","Straight road","Level","Not Applicable","Sealed","Dry","Not Raining","Night","Hit Fixed Object","01","Driver Rider","1: PDO","Stop Sign","Y","",1331654.18,1671073.37,"13316541671073"
"2015-5456-27/05/2021","3 Country","PORT LINCOLN","5606","CC PT.LINCOLN.                ",2,0,0,0,0,2015,"May","Monday","07:30 am","050","Cross Road","Straight road","Level","Not Applicable","Sealed","Dry","Not Raining","Daylight","Side Swipe","01","Driver Rider","1: PDO","Roundabout","","",1078652.19,1698335.25,"10786521698335"
"2015-5457-27/05/2021","3 Country","MOUNT GAMBIER","5290","CC MT.GAMBIER.                ",2,0,0,0,0,2015,"May","Monday","07:50 am","060","T-Junction","Straight road","Level","Not Applicable","Sealed","Dry","Not Raining","Daylight","Right Angle","01","Driver Rider","1: PDO","No Control","","",1511112.09,1342393.7,"15111121342394"
"2015-5458-27/05/2021","2 Metropolitan","WOODSIDE","5244","THE ADELAIDE HILLS COUNCIL",2,0,0,0,0,2015,"May","Monday","09:00 am","050","Not Divided","Straight road","Level","Driveway or Entrance","Sealed","Dry","Not Raining","Daylight","Rear End","02","Driver Rider","1: PDO","No Control","","",1353606.49,1667082.26,"13536061667082"
"2015-5459-27/05/2021","3 Country","PARAWA","5203","DC YANKALILLA.                ",2,0,0,0,0,2015,"May","Sunday","10:00 pm","100","Not Divided","CURVED, VIEW OBSCURED","Crest of Hill","Not Applicable","Unsealed","Dry","Not Raining","Night","Hit Fixed Object","01","Driver Rider","1: PDO","No Control","","",1309968.07,1603207.31,"13099681603207"
"2015-5460-27/05/2021","2 Metropolitan","MOUNT BARKER","5251","DC MT.BARKER.                 ",2,2,0,0,2,2015,"May","Monday","09:15 am","060","Cross Road","Straight road","Level","Not Applicable","Sealed","Dry","Not Raining","Daylight","Rear End","01","Driver Rider","2: MI","Give Way Sign","","",1352235.68,1652736.58,"13522361652737"
"2015-5461-27/05/2021","2 Metropolitan","BEDFORD PARK","5042","CC MARION.                    ",2,0,0,0,0,2015,"May","Monday","08:30 am","070","Divided Road","Straight road","Level","Not Applicable","Sealed","Dry","Not Raining","Daylight","Side Swipe","01","Driver Rider","1: PDO","No Control","","",1324509.42,1659779.77,"13245091659780"
"2015-5462-27/05/2021","2 Metropolitan","BLACKWOOD","5051","CC MITCHAM.                   ",1,1,0,0,1,2015,"January","Sunday","04:00 pm","050","Not Divided","Straight road","Slope","Not Applicable","Sealed","Dry","Not Raining","Daylight","Roll Over","01","Driver Rider","2: MI","No Control","","",1329253.54,1660034.04,"13292541660034"
"2015-5463-27/05/2021","2 Metropolitan","ELIZABETH PARK","5113","CITY OF PLAYFORD.",3,0,0,0,0,2015,"May","Sunday","08:35 pm","080","Cross Road","Straight road","Level","Not Applicable","Sealed","Dry","Not Raining","Night","Rear End","01","Driver Rider","1: PDO","Traffic Signals","","",1335960.32,1693276.69,"13359601693277"
"2015-5464-27/05/2021","2 Metropolitan","PORT ADELAIDE","5015","CITY OF PORT ADELAIDE ENFIELD",2,0,0,0,0,2015,"May","Sunday","12:30 pm","050","Not Divided","Straight road","Level","Not Applicable","Unsealed","Dry","Not Raining","Daylight","Hit Parked Vehicle","02","Driver Rider","1: PDO","No Control","","",1321519.51,1683481.92,"13215201683482"
"2015-5465-27/05/2021","2 Metropolitan","REGENCY PARK","5010","CITY OF PORT ADELAIDE ENFIELD",2,0,0,0,0,2015,"May","Saturday","04:15 pm","050","Not Divided","Straight road","Level","Driveway or Entrance","Sealed","Dry","Not Raining","Daylight","Right Angle","02","Driver Rider","1: PDO","No Control","","",1325580.8,1677476.23,"13255811677476"
"2015-5466-27/05/2021","2 Metropolitan","SMITHFIELD","5114","CITY OF PLAYFORD.",3,0,0,0,0,2015,"May","Monday","11:00 am","080","T-Junction","Straight road","Level","Not Applicable","Sealed","Dry","Not Raining","Daylight","Right Angle","01","Driver Rider","1: PDO","Traffic Signals","","",1337904.44,1697173.62,"13379041697174"
"2015-5467-27/05/2021","2 Metropolitan","PROSPECT","5082","CITY OF PROSPECT",2,1,0,0,1,2015,"May","Monday","10:40 am","060","Cross Road","Straight road","Level","Not Applicable","Sealed","Dry","Not Raining","Daylight","Right Turn","02","Driver Rider","2: MI","Traffic Signals","","",1328862.28,1676441.72,"13288621676442"
"2015-5468-27/05/2021","3 Country","KADINA","5554","COPPER COAST DISTRICT COUNCIL",2,0,0,0,0,2015,"May","Monday","12:30 pm","050","Cross Road","Straight road","Level","Not Applicable","Sealed","Dry","Not Raining","Daylight","Right Angle","01","Driver Rider","1: PDO","Stop Sign","","",1250403.87,1779739.01,"12504041779739"
"2015-5469-27/05/2021","2 Metropolitan","GAWLER EAST","5118","CT GAWLER.                    ",2,1,0,0,1,2015,"May","Monday","08:00 am","050","Not Divided","Straight road","Level","Not Applicable","Sealed","Dry","Not Raining","Daylight","Rear End","01","Driver Rider","2: MI","No Control","","",1343439.8,1706629.47,"13434401706629"
"2015-5470-27/05/2021","2 Metropolitan","ELIZABETH PARK","5113","CITY OF PLAYFORD.",2,0,0,0,0,2015,"May","Monday","09:10 am","050","T-Junction","Straight road","Level","Not Applicable","Sealed","Dry","Not Raining","Daylight","Right Angle","01","Driver Rider","1: PDO","No Control","","",1337973.83,1693850.87,"13379741693851"
"2015-5471-27/05/2021","2 Metropolitan","GLENELG","5045","CITY OF HOLDFAST BAY",1,1,0,0,1,2015,"May","Sunday","02:40 pm","040","Cross Road","Straight road","Level","Not Applicable","Sealed","Dry","Not Raining","Daylight","Roll Over","01","Driver Rider","2: MI","No Control","","",1320712.38,1664891.54,"13207121664892"
"2015-5472-27/05/2021","3 Country","MOUNT MCINTYRE","5279","WATTLE RANGE COUNCIL",2,0,0,0,0,2015,"May","Monday","07:30 am","100","Not Divided","CURVED, VIEW OPEN","Level","Not Applicable","Unsealed","Dry","Not Raining","Daylight","Hit Fixed Object","01","Driver Rider","1: PDO","No Control","","",1496450.14,1369306.53,"14964501369307"
"2015-5473-27/05/2021","3 Country","MOUNT GAMBIER","5290","CC MT.GAMBIER.                ",2,1,0,0,1,2015,"May","Monday","02:30 pm","060","T-Junction","Straight road","Level","Not Applicable","Sealed","Dry","Not Raining","Daylight","Rear End","02","Driver Rider","2: MI","Traffic Signals","","",1511797.49,1339474.56,"15117971339475"
"2015-5474-27/05/2021","2 Metropolitan","ECHUNGA","5153","DC MT.BARKER.                 ",2,0,0,0,0,2015,"May","Monday","01:00 pm","060","T-Junction","Straight road","Bottom of Hill","Not Applicable","Sealed","Dry","Not Raining","Daylight","Rear End","02","Driver Rider","1: PDO","No Control","","",1345280.1,1650903.65,"13452801650904"
"2015-5475-27/05/2021","2 Metropolitan","HAHNDORF","5245","DC MT.BARKER.                 ",2,0,0,0,0,2015,"May","Monday","08:30 am","040","T-Junction","Straight road","Level","Not Applicable","Sealed","Dry","Not Raining","Daylight","Rear End","02","Driver Rider","1: PDO","No Control","","",1347414.94,1658218.43,"13474151658218"
"2015-5476-27/05/2021","2 Metropolitan","FULHAM","5024","CITY OF WEST TORRENS",2,0,0,0,0,2015,"April","Thursday","10:00 am","060","Cross Road","Straight road","Level","Not Applicable","Sealed","Dry","Not Raining","Daylight","Rear End","02","Driver Rider","1: PDO","Traffic Signals","","",1320980.59,1670855.57,"13209811670856"
"2015-5477-27/05/2021","2 Metropolitan","KILBURN","5084","CITY OF PORT ADELAIDE ENFIELD",2,0,0,0,0,2015,"May","Monday","01:00 pm","060","Divided Road","Straight road","Level","Not Applicable","Sealed","Dry","Not Raining","Daylight","Rear End","01","Driver Rider","1: PDO","No Control","","",1327197.5,1677823.44,"13271981677823"
"2015-5478-27/05/2021","3 Country","TARLEE","5411","CLARE AND GILBERT VALLEYS DISTRICT COUNCIL",2,0,0,0,0,2015,"May","Monday","10:10 am","100","Cross Road","Straight road","Slope","Not Applicable","Sealed","Dry","Not Raining","Daylight","Right Angle","02","Driver Rider","1: PDO","Give Way Sign","","",1347557.72,1742327.56,"13475581742328"
"2015-5479-27/05/2021","2 Metropolitan","NORWOOD","5067","CC OF NORWOOD,PAYNEHAM & ST PETERS",2,0,0,0,0,2015,"May","Monday","05:10 pm","050","Divided Road","Straight road","Level","Not Applicable","Sealed","Dry","Not Raining","Daylight","Rear End","01","Driver Rider","1: PDO","No Control","","",1331511.78,1671062.98,"13315121671063"
"2015-5480-27/05/2021","2 Metropolitan","ELIZABETH NORTH","5113","CITY OF PLAYFORD.",2,0,0,0,0,2015,"May","Monday","03:40 pm","050","Not Divided","Straight road","Level","Driveway or Entrance","Sealed","Dry","Not Raining","Daylight","Right Angle","01","Driver Rider","1: PDO","No Control","","",1335925.18,1694427.06,"13359251694427"
"2015-5481-27/05/2021","2 Metropolitan","SALISBURY HEIGHTS","5109","CITY OF SALISBURY",2,0,0,0,0,2015,"May","Monday","05:00 pm","050","Not Divided","Straight road","Slope","Driveway or Entrance","Sealed","Dry","Not Raining","Daylight","Hit Parked Vehicle","02","Driver Rider","1: PDO","No Control","","",1336549.57,1688682.35,"13365501688682"
"2015-5482-27/05/2021","2 Metropolitan","EVANSTON PARK","5116","CT GAWLER.                    ",2,0,0,0,0,2015,"May","Monday","05:45 pm","060","Cross Road","Straight road","Level","Not Applicable","Sealed","Dry","Not Raining","Night","Rear End","02","Driver Rider","1: PDO","No Control","","",1342467.26,1704020.67,"13424671704021"
"2015-5483-27/05/2021","2 Metropolitan","MCLAREN VALE","5171","CITY OF ONKAPARINGA",2,0,0,0,0,2015,"May","Monday","04:30 pm","080","Cross Road","CURVED, VIEW OPEN","Crest of Hill","Not Applicable","Sealed","Dry","Not Raining","Daylight","Right Angle","02","Driver Rider","1: PDO","Give Way Sign","","",1319434.14,1640949.27,"13194341640949"
"2015-5484-27/05/2021","3 Country","MURRAY BRIDGE","5253","RC MURRAY BRIDGE.             ",2,1,0,0,1,2015,"May","Monday","03:00 pm","050","T-Junction","Straight road","Level","Not Applicable","Sealed","Dry","Not Raining","Daylight","Rear End","02","Driver Rider","2: MI","No Control","","",1389822.32,1645278.12,"13898221645278"
"2015-5485-27/05/2021","2 Metropolitan","ROYAL PARK","5014","CITY OF CHARLES STURT",2,0,0,0,0,2015,"May","Monday","03:30 pm","060","Cross Road","Straight road","Level","Not Applicable","Sealed","Dry","Not Raining","Daylight","Rear End","02","Driver Rider","1: PDO","Traffic Signals","","",1320686.56,1677665.91,"13206871677666"
"2015-5486-27/05/2021","2 Metropolitan","INGLE FARM","5098","CITY OF SALISBURY",2,1,0,0,1,2015,"May","Monday","05:30 pm","060","Divided Road","Straight road","Level","Not Applicable","Sealed","Dry","Not Raining","Daylight","Rear End","01","Driver Rider","2: MI","No Control","","",1332522.15,1682291.66,"13325221682292"
"2015-5487-27/05/2021","1 City","ADELAIDE","5000","CITY OF ADELAIDE",2,0,0,0,0,2015,"May","Monday","04:45 pm","050","Not Divided","Straight road","Level","Not Applicable","Sealed","Dry","Not Raining","Daylight","Hit Parked Vehicle","01","Driver Rider","1: PDO","No Control","","",1328354.78,1670667.72,"13283551670668"
"2015-5488-27/05/2021","2 Metropolitan","BOLIVAR","5110","CITY OF SALISBURY",2,0,0,0,0,2015,"May","Monday","06:10 pm","090","T-Junction","Straight road","Level","Not Applicable","Sealed","Dry","Not Raining","Night","Rear End","02","Driver Rider","1: PDO","Traffic Signals","","",1328457.27,1688613.24,"13284571688613"
"2015-5489-27/05/2021","2 Metropolitan","HACKNEY","5069","CC OF NORWOOD,PAYNEHAM & ST PETERS",2,0,0,0,0,2015,"May","Monday","04:45 pm","060","Divided Road","Straight road","Level","Not Applicable","Sealed","Dry","Not Raining","Daylight","Rear End","02","Driver Rider","1: PDO","No Control","","",1329797.45,1671907.23,"13297971671907"
"2015-5490-27/05/2021","2 Metropolitan","DRY CREEK","5094","CITY OF SALISBURY",3,0,0,0,0,2015,"May","Monday","04:15 pm","090","Divided Road","Straight road","Level","Not Applicable","Sealed","Dry","Not Raining","Daylight","Rear End","01","Driver Rider","1: PDO","No Control","","",1328256.79,1682803.72,"13282571682804"
"2015-5491-27/05/2021","2 Metropolitan","TWO WELLS","5501","DC MALLALA.                   ",2,0,0,0,0,2015,"May","Sunday","05:05 pm","080","T-Junction","Straight road","Level","Not Applicable","Sealed","Dry","Not Raining","Daylight","Right Turn","02","Driver Rider","1: PDO","No Control","","",1321582.12,1707920.89,"13215821707921"
"2015-5492-27/05/2021","2 Metropolitan","PARADISE","5075","CC CAMPBELLTOWN.              ",3,1,0,0,1,2015,"May","Monday","04:04 pm","060","Divided Road","Straight road","Level","Not Applicable","Sealed","Dry","Not Raining","Daylight","Rear End","01","Driver Rider","2: MI","No Control","","",1334836.34,1676449.69,"13348361676450"
"2015-5493-27/05/2021","3 Country","WINDSOR","5501","DC MALLALA.                   ",2,2,0,0,2,2015,"May","Monday","05:40 pm","110","Divided Road","Straight road","Level","Not Applicable","Sealed","Dry","Not Raining","Night","Side Swipe","01","Driver Rider","2: MI","No Control","","",1306418.75,1725747.39,"13064191725747"
"2015-5494-27/05/2021","2 Metropolitan","REDWOOD PARK","5097","CITY OF TEA TREE GULLY",2,0,0,0,0,2015,"May","Monday","07:45 pm","050","Not Divided","Straight road","Slope","Not Applicable","Sealed","Dry","Not Raining","Night","Hit Fixed Object","01","Driver Rider","1: PDO","No Control","","",1339299.26,1683175.64,"13392991683176"
"2015-5495-27/05/2021","2 Metropolitan","PLYMPTON","5038","CITY OF WEST TORRENS",2,0,0,0,0,2015,"May","Monday","09:30 pm","050","Not Divided","Straight road","Level","Not Applicable","Sealed","Dry","Not Raining","Night","Hit Fixed Object","01","Driver Rider","1: PDO","No Control","","",1323896.94,1666434.18,"13238971666434"
"2015-5496-27/05/2021","3 Country","YANKALILLA","5203","DC YANKALILLA.                ",2,2,0,1,1,2015,"May","Tuesday","05:30 am","100","Not Divided","CURVED, VIEW OPEN","Slope","Not Applicable","Sealed","Wet","Raining","Night","Other","09","Other","3: SI","No Control","","",1304592.29,1612604.8,"13045921612605"
"2015-5497-27/05/2021","2 Metropolitan","STIRLING","5152","THE ADELAIDE HILLS COUNCIL",2,0,0,0,0,2015,"May","Tuesday","07:30 am","100","Freeway","Straight road","Level","Not Applicable","Sealed","Wet","Raining","Daylight","Rear End","01","Driver Rider","1: PDO","No Control","","",1339094.87,1661927.08,"13390951661927"
"2015-5498-27/05/2021","2 Metropolitan","WEST CROYDON","5008","CITY OF CHARLES STURT",2,0,0,0,0,2015,"May","Tuesday","07:35 am","060","T-Junction","Straight road","Level","Not Applicable","Sealed","Wet","Raining","Daylight","Hit Fixed Object","01","Driver Rider","1: PDO","Give Way Sign","","",1324296.98,1674481.99,"13242971674482"
"2015-5499-27/05/2021","2 Metropolitan","UNLEY","5061","CITY OF UNLEY",3,0,0,0,0,2015,"May","Monday","06:30 pm","060","Cross Road","Straight road","Level","Not Applicable","Sealed","Wet","Not Raining","Night","Rear End","02","Driver Rider","1: PDO","Stop Sign","","",1329095.8,1667653.57,"13290961667654"
"2015-5500-27/05/2021","2 Metropolitan","KIDMAN PARK","5025","CITY OF CHARLES STURT",2,0,0,0,0,2015,"May","Friday","08:40 am","060","T-Junction","Straight road","Level","Not Applicable","Sealed","Dry","Not Raining","Daylight","Side Swipe","02","Driver Rider","1: PDO","No Control","","",1321925.68,1673105.84,"13219261673106"
"2015-5501-27/05/2021","2 Metropolitan","WEST LAKES","5021","CITY OF CHARLES STURT",3,0,0,0,0,2015,"May","Monday","04:30 pm","040","Not Divided","CURVED, VIEW OPEN","Level","Driveway or Entrance","Sealed","Dry","Not Raining","Daylight","Right Angle","02","Driver Rider","1: PDO","No Control","","",1318587.88,1676276.56,"13185881676277"