"REPORT_ID","Stats Area","Suburb","Postcode","LGA Name","Total Units","Total Cas","Total Fats","Total SI","Total MI","Year","Month","Day","Time","Area Speed","Position Type","Horizontal Align","Vertical Align","Other Feat","Road Surface","Moisture Cond","Weather Cond","DayNight","Crash Type","Unit Resp","Entity Code","CSEF Severity","Traffic Ctrls","DUI Involved","Drugs Involved","ACCLOC_X","ACCLOC_Y","UNIQUE_LOC"
"2015-6647-27/05/2021","2 Metropolitan","DRY CREEK","5094","CITY OF PORT ADELAIDE ENFIELD",3,0,0,0,0,2015,"May","Saturday","03:30 pm","090","Freeway","Straight road","Level","Not Applicable","Sealed","Wet","Raining","Daylight","Hit Fixed Object","01","Driver Rider","1: PDO","No Control","","",1325093.16,1681056.53,"13250931681057"
"2015-6648-27/05/2021","1 City","ADELAIDE","5000","CITY OF ADELAIDE",2,0,0,0,0,2015,"May","Saturday","04:20 pm","050","Not Divided","Straight road","Level","Not Applicable","Sealed","Wet","Raining","Daylight","Side Swipe","01","Driver Rider","1: PDO","No Control","","",1329023.37,1670742.09,"13290231670742"
"2015-6649-27/05/2021","2 Metropolitan","HINDMARSH","5007","CITY OF CHARLES STURT",2,0,0,0,0,2015,"May","Friday","04:45 pm","060","Divided Road","Straight road","Level","Not Applicable","Sealed","Dry","Not Raining","Daylight","Rear End","02","Driver Rider","1: PDO","No Control","","",1326214.33,1672824.95,"13262141672825"
"2015-6650-27/05/2021","2 Metropolitan","MYRTLE BANK","5064","CITY OF UNLEY",2,0,0,0,0,2015,"May","Saturday","12:00 pm","060","T-Junction","Straight road","Level","Not Applicable","Sealed","Dry","Not Raining","Daylight","Rear End","02","Driver Rider","1: PDO","No Control","","",1331717.99,1666319.35,"13317181666319"
"2015-6651-27/05/2021","2 Metropolitan","GEPPS CROSS","5094","CITY OF PORT ADELAIDE ENFIELD",2,0,0,0,0,2015,"May","Saturday","05:00 pm","060","Divided Road","Straight road","Level","Not Applicable","Sealed","Dry","Not Raining","Daylight","Side Swipe","02","Driver Rider","1: PDO","No Control","","",1328803.9,1679333.54,"13288041679334"
"2015-6652-27/05/2021","2 Metropolitan","PARA HILLS WEST","5096","CITY OF SALISBURY",2,0,0,0,0,2015,"May","Saturday","04:00 pm","050","Not Divided","Straight road","Level","Not Applicable","Sealed","Wet","Raining","Daylight","Hit Fixed Object","01","Driver Rider","1: PDO","No Control","","",1332691.71,1684286.62,"13326921684287"
"2015-6653-27/05/2021","2 Metropolitan","PARAFIELD GARDENS","5107","CITY OF SALISBURY",2,0,0,0,0,2015,"May","Saturday","04:10 pm","050","Not Divided","Straight road","Level","Not Applicable","Sealed","Wet","Raining","Daylight","Hit Parked Vehicle","01","Driver Rider","1: PDO","No Control","","",1328853.35,1687811.93,"13288531687812"
"2015-6654-27/05/2021","3 Country","WOOL BAY","5575","YORKE PENINSULA COUNCIL",2,1,0,0,1,2015,"May","Saturday","02:13 pm","100","Not Divided","Straight road","Slope","Not Applicable","Sealed","Wet","Raining","Daylight","Hit Fixed Object","01","Driver Rider","2: MI","No Control","","",1248414.91,1669277.54,"12484151669278"
"2015-6655-27/05/2021","2 Metropolitan","DRY CREEK","5094","CITY OF PORT ADELAIDE ENFIELD",2,0,0,0,0,2015,"May","Saturday","05:10 pm","090","Interchange","CURVED, VIEW OPEN","Level","Not Applicable","Sealed","Wet","Raining","Daylight","Hit Fixed Object","01","Driver Rider","1: PDO","No Control","","",1326183.88,1681076.39,"13261841681076"
"2015-6656-27/05/2021","2 Metropolitan","BURTON","5110","CITY OF SALISBURY",2,0,0,0,0,2015,"May","Saturday","06:20 pm","050","Not Divided","CURVED, VIEW OPEN","Level","Not Applicable","Sealed","Dry","Not Raining","Night","Hit Parked Vehicle","02","Driver Rider","1: PDO","No Control","Y","",1329475.88,1690569.9,"13294761690570"
"2015-6657-27/05/2021","2 Metropolitan","HUNTFIELD HEIGHTS","5163","CITY OF ONKAPARINGA",3,0,0,0,0,2015,"March","Wednesday","06:30 pm","050","T-Junction","CURVED, VIEW OPEN","Level","Not Applicable","Sealed","Dry","Not Raining","Daylight","Hit Fixed Object","01","Driver Rider","1: PDO","No Control","","",1319634.72,1645260.69,"13196351645261"
"2015-6658-27/05/2021","2 Metropolitan","HAPPY VALLEY","5159","CITY OF ONKAPARINGA",2,1,0,0,1,2015,"May","Saturday","06:20 pm","060","T-Junction","Straight road","Bottom of Hill","Not Applicable","Sealed","Dry","Not Raining","Night","Right Turn","02","Driver Rider","2: MI","Give Way Sign","","",1324569.46,1653439.77,"13245691653440"
"2015-6659-27/05/2021","2 Metropolitan","RIDLEYTON","5008","CITY OF CHARLES STURT",2,1,0,0,1,2015,"May","Saturday","04:34 pm","060","Cross Road","Straight road","Level","Not Applicable","Sealed","Wet","Raining","Daylight","Right Turn","02","Driver Rider","2: MI","Traffic Signals","","",1325910.89,1674899.36,"13259111674899"
"2015-6660-27/05/2021","2 Metropolitan","TORRENSVILLE","5031","CITY OF WEST TORRENS",3,0,0,0,0,2015,"May","Saturday","06:47 pm","060","Divided Road","Straight road","Level","Not Applicable","Sealed","Wet","Raining","Night","Side Swipe","02","Driver Rider","1: PDO","No Control","","",1325488.3,1671878.71,"13254881671879"
"2015-6661-27/05/2021","2 Metropolitan","NORTH BRIGHTON","5048","CITY OF HOLDFAST BAY",2,0,0,0,0,2015,"May","Thursday","03:58 pm","050","Cross Road","Straight road","Level","Not Applicable","Sealed","Wet","Raining","Daylight","Right Angle","02","Driver Rider","1: PDO","Stop Sign","","",1320769.68,1661801.51,"13207701661802"
"2015-6662-27/05/2021","3 Country","MAITLAND","5573","YORKE PENINSULA COUNCIL",2,0,0,0,0,2015,"May","Friday","08:00 pm","050","Not Divided","Straight road","Level","Not Applicable","Unsealed","Dry","Not Raining","Night","Hit Fixed Object","01","Driver Rider","1: PDO","No Control","Y","",1245822.56,1734859.29,"12458231734859"
"2015-6663-27/05/2021","2 Metropolitan","ENFIELD","5085","CITY OF PORT ADELAIDE ENFIELD",2,0,0,0,0,2015,"July","Saturday","12:59 pm","050","T-Junction","Straight road","Slope","Not Applicable","Sealed","Dry","Not Raining","Daylight","Hit Fixed Object","01","Driver Rider","1: PDO","Roundabout","","",1329271.33,1678616.67,"13292711678617"
"2015-6664-27/05/2021","2 Metropolitan","GULFVIEW HEIGHTS","5096","CITY OF SALISBURY",2,2,0,0,2,2015,"May","Saturday","05:50 pm","060","T-Junction","Straight road","Slope","Not Applicable","Sealed","Wet","Not Raining","Night","Right Angle","01","Driver Rider","2: MI","No Control","","",1334426.81,1684341.95,"13344271684342"
"2015-6665-27/05/2021","2 Metropolitan","KLEMZIG","5087","CITY OF PORT ADELAIDE ENFIELD",2,0,0,0,0,2015,"May","Saturday","04:10 pm","060","Cross Road","Straight road","Level","Not Applicable","Sealed","Wet","Raining","Daylight","Right Turn","02","Driver Rider","1: PDO","Traffic Signals","","",1331690.63,1676251.12,"13316911676251"
"2015-6666-27/05/2021","2 Metropolitan","SEMAPHORE","5019","CITY OF PORT ADELAIDE ENFIELD",2,1,0,0,1,2015,"May","Saturday","07:00 pm","060","T-Junction","Straight road","Level","Not Applicable","Sealed","Wet","Raining","Night","Hit Pedestrian","01","Driver Rider","2: MI","No Control","","",1318258.19,1680725.9,"13182581680726"
"2015-6667-27/05/2021","2 Metropolitan","VERDUN","5245","THE ADELAIDE HILLS COUNCIL",2,0,0,0,0,2015,"May","Saturday","09:38 pm","080","Ramp On","Straight road","Slope","Not Applicable","Sealed","Wet","Not Raining","Night","Rear End","01","Driver Rider","1: PDO","No Control","","",1345086.17,1659760.2,"13450861659760"
"2015-6668-27/05/2021","2 Metropolitan","SALISBURY HEIGHTS","5109","CITY OF TEA TREE GULLY",2,0,0,0,0,2015,"May","Saturday","08:30 pm","060","Not Divided","CURVED, VIEW OPEN","Slope","Not Applicable","Sealed","Wet","Not Raining","Night","Hit Fixed Object","01","Driver Rider","1: PDO","No Control","","",1337145.17,1687470.52,"13371451687471"
"2015-6669-27/05/2021","2 Metropolitan","STIRLING","5152","THE ADELAIDE HILLS COUNCIL",2,0,0,0,0,2015,"May","Saturday","04:16 pm","060","Not Divided","CURVED, VIEW OBSCURED","Slope","Not Applicable","Sealed","Wet","Raining","Daylight","Hit Fixed Object","01","Driver Rider","1: PDO","No Control","","",1337754.22,1661203.91,"13377541661204"
"2015-6670-27/05/2021","2 Metropolitan","SUMMERTOWN","5141","THE ADELAIDE HILLS COUNCIL",1,0,0,0,0,2015,"May","Saturday","04:55 pm","060","Not Divided","CURVED, VIEW OPEN","Slope","Not Applicable","Sealed","Wet","Raining","Daylight","Roll Over","01","Driver Rider","1: PDO","No Control","","",1340701.87,1666212.73,"13407021666213"
"2015-6671-27/05/2021","1 City","ADELAIDE","5000","CITY OF ADELAIDE",2,0,0,0,0,2015,"May","Saturday","01:25 am","060","Cross Road","Straight road","Level","Not Applicable","Sealed","Dry","Not Raining","Night","Right Angle","02","Driver Rider","1: PDO","Traffic Signals","","",1327350.53,1670803.1,"13273511670803"
"2015-6672-27/05/2021","3 Country","KEITH","5267","DC TATIARA.                   ",2,1,0,1,0,2015,"May","Saturday","10:45 pm","050","Cross Road","Straight road","Level","Driveway or Entrance","Sealed","Wet","Not Raining","Night","Hit Fixed Object","01","Driver Rider","3: SI","Give Way Sign","","",1482237.12,1533495.03,"14822371533495"
"2015-6673-27/05/2021","2 Metropolitan","UNLEY","5061","CITY OF UNLEY",2,0,0,0,0,2015,"May","Saturday","12:05 am","060","Cross Road","Straight road","Level","Not Applicable","Sealed","Dry","Not Raining","Night","Right Angle","02","Driver Rider","1: PDO","Stop Sign","","",1329081.13,1668154.19,"13290811668154"
"2015-6674-27/05/2021","2 Metropolitan","THEBARTON","5031","CITY OF WEST TORRENS",5,1,0,0,1,2015,"May","Saturday","01:00 pm","060","T-Junction","Straight road","Level","Not Applicable","Sealed","Wet","Raining","Daylight","Hit Fixed Object","01","Driver Rider","2: MI","Traffic Signals","","",1326511.33,1672105.66,"13265111672106"
"2015-6675-27/05/2021","2 Metropolitan","KINGS PARK","5034","CC MITCHAM.                   ",4,0,0,0,0,2015,"May","Saturday","11:40 am","060","T-Junction","Straight road","Level","Not Applicable","Sealed","Dry","Not Raining","Daylight","Rear End","01","Driver Rider","1: PDO","No Control","","",1328056.6,1666219.71,"13280571666220"
"2015-6676-27/05/2021","2 Metropolitan","FORESTVILLE","5035","CITY OF UNLEY",2,1,0,1,0,2015,"May","Saturday","11:00 am","060","T-Junction","Straight road","Level","Not Applicable","Sealed","Dry","Not Raining","Daylight","Right Turn","01","Driver Rider","3: SI","Traffic Signals","","",1326320.33,1668149.85,"13263201668150"
"2015-6677-27/05/2021","2 Metropolitan","CHELTENHAM","5014","CITY OF CHARLES STURT",2,0,0,0,0,2015,"April","Sunday","12:55 am","060","Not Divided","Straight road","Level","Not Applicable","Sealed","Dry","Not Raining","Night","Hit Fixed Object","01","Driver Rider","1: PDO","No Control","","",1321929.13,1678039.16,"13219291678039"
"2015-6678-27/05/2021","2 Metropolitan","SMITHFIELD","5114","CITY OF PLAYFORD.",2,0,0,0,0,2015,"May","Sunday","09:25 am","080","Cross Road","Straight road","Level","Not Applicable","Sealed","Wet","Not Raining","Daylight","Side Swipe","02","Driver Rider","1: PDO","Traffic Signals","","",1337612.7,1696654.75,"13376131696655"
"2015-6679-27/05/2021","2 Metropolitan","HOVE","5048","CITY OF HOLDFAST BAY",1,0,0,0,0,2015,"May","Saturday","11:10 am","050","Cross Road","Straight road","Level","Not Applicable","Sealed","Dry","Not Raining","Daylight","Other","09","Other","1: PDO","Stop Sign","","",1320778.22,1661639.94,"13207781661640"
"2015-6680-27/05/2021","2 Metropolitan","PARALOWIE","5108","CITY OF SALISBURY",3,0,0,0,0,2015,"May","Saturday","02:15 pm","050","Not Divided","CURVED, VIEW OPEN","Level","Not Applicable","Sealed","Wet","Not Raining","Daylight","Hit Fixed Object","01","Driver Rider","1: PDO","No Control","","",1331208.44,1689617.85,"13312081689618"
"2015-6681-27/05/2021","2 Metropolitan","TROTT PARK","5158","CC MARION.                    ",3,0,0,0,0,2015,"May","Friday","05:30 pm","080","Ramp Off","Straight road","Level","Not Applicable","Sealed","Dry","Not Raining","Night","Rear End","02","Driver Rider","1: PDO","No Control","","",1323023.12,1653673.27,"13230231653673"
"2015-6682-27/05/2021","2 Metropolitan","PARADISE","5075","CC CAMPBELLTOWN.              ",2,0,0,0,0,2015,"May","Saturday","05:00 pm","060","T-Junction","Straight road","Level","Not Applicable","Sealed","Dry","Not Raining","Daylight","Rear End","01","Driver Rider","1: PDO","Traffic Signals","","",1335624.13,1676678.29,"13356241676678"
"2015-6683-27/05/2021","3 Country","BEAUFORT","5550","YORKE PENINSULA COUNCIL",2,0,0,0,0,2015,"May","Saturday","06:20 pm","100","T-Junction","Straight road","Level","Not Applicable","Sealed","Dry","Not Raining","Night","Right Angle","01","Driver Rider","1: PDO","No Control","","",1287930.19,1761652.36,"12879301761652"
"2015-6684-27/05/2021","2 Metropolitan","HOLDEN HILL","5088","CITY OF PORT ADELAIDE ENFIELD",2,0,0,0,0,2015,"May","Saturday","11:00 pm","060","T-Junction","Straight road","Level","Not Applicable","Sealed","Dry","Not Raining","Night","Right Turn","01","Driver Rider","1: PDO","Traffic Signals","","",1333963.39,1677962.96,"13339631677963"
"2015-6685-27/05/2021","2 Metropolitan","KENSINGTON GARDENS","5068","CITY OF BURNSIDE",2,0,0,0,0,2015,"May","Saturday","07:40 pm","060","Divided Road","Straight road","Level","Not Applicable","Sealed","Dry","Not Raining","Night","Side Swipe","01","Driver Rider","1: PDO","No Control","","",1334551.29,1670479.24,"13345511670479"
"2015-6686-27/05/2021","2 Metropolitan","PAYNEHAM","5070","CC OF NORWOOD,PAYNEHAM & ST PETERS",2,0,0,0,0,2015,"May","Saturday","11:00 am","060","Divided Road","Straight road","Level","Not Applicable","Sealed","Dry","Not Raining","Daylight","Rear End","02","Driver Rider","1: PDO","No Control","","",1332139.98,1673751.91,"13321401673752"
"2015-6687-27/05/2021","3 Country","MURRAY BRIDGE","5253","RC MURRAY BRIDGE.             ",2,0,0,0,0,2015,"May","Saturday","11:20 am","050","T-Junction","Straight road","Level","Not Applicable","Sealed","Dry","Not Raining","Daylight","Right Turn","01","Driver Rider","1: PDO","No Control","","",1388430.42,1646876.69,"13884301646877"
"2015-6688-27/05/2021","2 Metropolitan","HOVE","5048","CITY OF HOLDFAST BAY",3,0,0,0,0,2015,"May","Sunday","11:30 am","060","Divided Road","Straight road","Level","Not Applicable","Sealed","Dry","Not Raining","Daylight","Rear End","02","Driver Rider","1: PDO","No Control","","",1321125.75,1661255.71,"13211261661256"
"2015-6689-27/05/2021","2 Metropolitan","ELIZABETH NORTH","5113","CITY OF PLAYFORD.",2,2,0,0,2,2015,"May","Sunday","12:50 pm","050","T-Junction","Straight road","Level","Not Applicable","Sealed","Wet","Raining","Daylight","Right Angle","01","Driver Rider","2: MI","No Control","","Y",1336413.72,1695413.7,"13364141695414"
"2015-6690-27/05/2021","2 Metropolitan","SALISBURY NORTH","5108","CITY OF SALISBURY",3,0,0,0,0,2015,"May","Sunday","01:45 pm","060","Not Divided","Straight road","Level","Not Applicable","Sealed","Dry","Not Raining","Daylight","Rear End","01","Driver Rider","1: PDO","No Control","","",1332047.26,1689326.02,"13320471689326"
"2015-6691-27/05/2021","2 Metropolitan","SELLICKS HILL","5174","CITY OF ONKAPARINGA",2,0,0,0,0,2015,"May","Saturday","12:30 pm","100","Cross Road","Straight road","Level","Not Applicable","Sealed","Wet","Raining","Daylight","Right Angle","02","Driver Rider","1: PDO","Give Way Sign","","",1315514.14,1626426.57,"13155141626427"
"2015-6692-27/05/2021","3 Country","MALLALA","5502","DC MALLALA.                   ",2,1,0,0,1,2015,"May","Saturday","07:00 am","100","Not Divided","Straight road","Level","Not Applicable","Unsealed","Dry","Not Raining","Night","Hit Fixed Object","01","Driver Rider","2: MI","No Control","","Y",1323260.91,1721867.14,"13232611721867"
"2015-6693-27/05/2021","3 Country","GOOLWA SOUTH","5214","ALEXANDRINA COUNCIL",2,0,0,0,0,2015,"May","Friday","09:30 pm","060","Not Divided","CURVED, VIEW OBSCURED","Level","Not Applicable","Sealed","Dry","Not Raining","Night","Hit Fixed Object","01","Driver Rider","1: PDO","No Control","","",1342905.92,1605413.39,"13429061605413"
"2015-6694-27/05/2021","3 Country","TAILEM BEND","5260","COORONG DISTRICT COUNCIL",1,0,0,0,0,2015,"May","Saturday","08:10 pm","110","T-Junction","Straight road","Level","Not Applicable","Sealed","Wet","Not Raining","Night","Left Road - Out of Control","01","Driver Rider","1: PDO","Give Way Sign","","",1405326.16,1629367.76,"14053261629368"
"2015-6695-27/05/2021","2 Metropolitan","GLENELG NORTH","5045","CITY OF HOLDFAST BAY",2,0,0,0,0,2015,"May","Sunday","12:20 pm","060","Divided Road","Straight road","Level","Not Applicable","Sealed","Dry","Not Raining","Daylight","Rear End","02","Driver Rider","1: PDO","No Control","","",1321012.84,1665353.54,"13210131665354"
"2015-6696-27/05/2021","2 Metropolitan","HOUGHTON","5131","CITY OF TEA TREE GULLY",2,0,0,0,0,2015,"May","Sunday","04:15 pm","080","T-Junction","CURVED, VIEW OPEN","Unknown","Not Applicable","Sealed","Dry","Not Raining","Daylight","Right Angle","02","Driver Rider","1: PDO","Stop Sign","","",1342993.75,1681776.36,"13429941681776"
"2015-6697-27/05/2021","2 Metropolitan","CHANDLERS HILL","5159","CITY OF ONKAPARINGA",2,0,0,0,0,2015,"May","Thursday","10:15 pm","070","Divided Road","CURVED, VIEW OPEN","Level","Not Applicable","Sealed","Wet","Raining","Night","Hit Fixed Object","01","Driver Rider","1: PDO","No Control","","",1329671.34,1652864.61,"13296711652865"
"2015-6698-27/05/2021","2 Metropolitan","MORPHETT VALE","5162","CITY OF ONKAPARINGA",2,1,0,0,1,2015,"May","Wednesday","04:05 pm","060","T-Junction","Straight road","Crest of Hill","Not Applicable","Sealed","Dry","Not Raining","Daylight","Rear End","01","Driver Rider","2: MI","No Control","","",1321299.28,1649873.1,"13212991649873"
"2015-6699-27/05/2021","2 Metropolitan","GREENWITH","5125","CITY OF TEA TREE GULLY",2,0,0,0,0,2015,"May","Sunday","02:50 pm","060","Divided Road","Straight road","Slope","Not Applicable","Sealed","Wet","Raining","Daylight","Hit Fixed Object","01","Driver Rider","1: PDO","No Control","Y","",1339658.86,1686981.82,"13396591686982"
"2015-6700-27/05/2021","3 Country","TAILEM BEND","5260","COORONG DISTRICT COUNCIL",2,0,0,0,0,2015,"May","Sunday","05:30 pm","050","Cross Road","CURVED, VIEW OPEN","Level","Not Applicable","Sealed","Wet","Raining","Night","Right Angle","02","Driver Rider","1: PDO","Give Way Sign","","",1405178.67,1631415.61,"14051791631416"
"2015-6701-27/05/2021","2 Metropolitan","LOCKLEYS","5032","CITY OF WEST TORRENS",2,1,0,0,1,2015,"May","Sunday","06:26 pm","060","Not Divided","Straight road","Level","Not Applicable","Sealed","Dry","Not Raining","Night","Hit Parked Vehicle","02","Driver Rider","2: MI","No Control","","Y",1322494.81,1670568.02,"13224951670568"
"2015-6702-27/05/2021","2 Metropolitan","SALISBURY","5108","CITY OF SALISBURY",2,0,0,0,0,2015,"May","Sunday","06:45 pm","060","T-Junction","Straight road","Level","Not Applicable","Sealed","Wet","Not Raining","Night","Right Turn","02","Driver Rider","1: PDO","Traffic Signals","","",1333049.35,1688482.22,"13330491688482"
"2015-6703-27/05/2021","2 Metropolitan","INGLE FARM","5098","CITY OF SALISBURY",2,0,0,0,0,2015,"May","Sunday","06:50 pm","060","T-Junction","Straight road","Level","Not Applicable","Sealed","Dry","Not Raining","Night","Right Turn","01","Driver Rider","1: PDO","No Control","","",1332471.19,1682210.87,"13324711682211"
"2015-6704-27/05/2021","2 Metropolitan","NORTH HAVEN","5018","CITY OF PORT ADELAIDE ENFIELD",2,0,0,0,0,2015,"May","Sunday","07:20 pm","060","Cross Road","Straight road","Level","Not Applicable","Sealed","Dry","Not Raining","Night","Right Angle","01","Driver Rider","1: PDO","Give Way Sign","","",1319536.18,1685317.12,"13195361685317"
"2015-6705-27/05/2021","2 Metropolitan","GEPPS CROSS","5094","CITY OF PORT ADELAIDE ENFIELD",2,0,0,0,0,2015,"May","Saturday","11:13 pm","060","Multiple","CURVED, VIEW OPEN","Level","Not Applicable","Sealed","Wet","Raining","Night","Side Swipe","02","Driver Rider","1: PDO","Traffic Signals","","",1328802.51,1679265.44,"13288031679265"
"2015-6706-27/05/2021","2 Metropolitan","ALBERT PARK","5014","CITY OF CHARLES STURT",3,1,0,0,1,2015,"May","Sunday","07:25 pm","060","Cross Road","Straight road","Level","Not Applicable","Sealed","Dry","Not Raining","Night","Hit Fixed Object","01","Driver Rider","2: MI","Traffic Signals","Y","",1321444.17,1675569.1,"13214441675569"
"2015-6707-27/05/2021","2 Metropolitan","GREENHILL","5140","THE ADELAIDE HILLS COUNCIL",3,0,0,0,0,2015,"May","Sunday","08:15 pm","080","T-Junction","CURVED, VIEW OPEN","Level","Not Applicable","Sealed","Wet","Raining","Night","Hit Fixed Object","01","Driver Rider","1: PDO","Give Way Sign","","",1336419.74,1667588.48,"13364201667588"
"2015-6708-27/05/2021","3 Country","PASKEVILLE","5552","BARUNGA WEST DISTRICT COUNCIL",2,1,0,0,1,2015,"May","Sunday","11:30 pm","100","Not Divided","Straight road","Level","Not Applicable","Sealed","Wet","Not Raining","Night","Hit Fixed Object","01","Driver Rider","2: MI","No Control","","",1269738.18,1770381.53,"12697381770382"
"2015-6709-27/05/2021","3 Country","ROCKY CAMP","5280","WATTLE RANGE COUNCIL",2,0,0,0,0,2015,"May","Friday","09:40 pm","110","Not Divided","Straight road","Level","Not Applicable","Sealed","Dry","Not Raining","Night","Hit Animal","02","Animal","1: PDO","No Control","","",1480151.95,1372407.04,"14801521372407"
"2015-6710-27/05/2021","3 Country","YAHL","5291","DISTRICT COUNCIL OF GRANT",2,0,0,0,0,2015,"June","Monday","08:30 am","060","T-Junction","Straight road","Level","Not Applicable","Sealed","Dry","Not Raining","Daylight","Hit Fixed Object","01","Driver Rider","1: PDO","No Control","","",1515893.17,1335934.93,"15158931335935"
"2015-6711-27/05/2021","3 Country","WATTLE FLAT","5203","DC YANKALILLA.                ",3,1,0,0,1,2015,"May","Thursday","03:20 pm","100","T-Junction","CURVED, VIEW OPEN","Slope","Not Applicable","Sealed","Wet","Raining","Daylight","Hit Fixed Object","01","Driver Rider","2: MI","Give Way Sign","","",1309277.26,1617669.64,"13092771617670"
"2015-6712-27/05/2021","2 Metropolitan","MUNNO PARA WEST","5115","CITY OF PLAYFORD.",2,1,0,0,1,2015,"May","Sunday","01:15 pm","060","Not Divided","Straight road","Level","Not Applicable","Sealed","Dry","Not Raining","Daylight","Right Angle","01","Driver Rider","2: MI","No Control","","",1335217.36,1699369.31,"13352171699369"
"2015-6713-27/05/2021","2 Metropolitan","MELROSE PARK","5039","CC MITCHAM.                   ",2,0,0,0,0,2015,"May","Sunday","12:45 pm","060","Divided Road","Straight road","Level","Not Applicable","Sealed","Dry","Not Raining","Daylight","Rear End","02","Driver Rider","1: PDO","No Control","","",1325938.86,1663870.88,"13259391663871"
"2015-6714-27/05/2021","2 Metropolitan","SALISBURY","5108","CITY OF SALISBURY",2,0,0,0,0,2015,"June","Monday","09:30 am","060","T-Junction","Straight road","Level","Not Applicable","Sealed","Dry","Not Raining","Daylight","Side Swipe","02","Driver Rider","1: PDO","No Control","","",1332486.32,1688880.6,"13324861688881"
"2015-6715-27/05/2021","2 Metropolitan","KESWICK TERMINAL","5035","CITY OF WEST TORRENS",2,1,0,0,1,2015,"June","Monday","12:35 pm","060","Cross Road","Straight road","Level","Not Applicable","Sealed","Dry","Not Raining","Daylight","Rear End","01","Driver Rider","2: MI","Traffic Signals","","",1326175.83,1670102.31,"13261761670102"
"2015-6716-27/05/2021","3 Country","MOONTA BAY","5558","COPPER COAST DISTRICT COUNCIL",2,2,0,0,2,2015,"June","Monday","11:59 am","050","Cross Road","Straight road","Level","Not Applicable","Sealed","Dry","Not Raining","Daylight","Right Angle","01","Driver Rider","2: MI","No Control","","",1236071.72,1769333.9,"12360721769334"
"2015-6717-27/05/2021","2 Metropolitan","CROYDON PARK","5008","CITY OF PORT ADELAIDE ENFIELD",2,1,0,0,1,2015,"May","Sunday","09:45 am","050","T-Junction","Straight road","Level","Not Applicable","Sealed","Dry","Not Raining","Daylight","Right Angle","02","Driver Rider","2: MI","No Control","","",1326177.35,1675358.04,"13261771675358"
"2015-6718-27/05/2021","3 Country","SOUTH KILKERRAN","5573","YORKE PENINSULA COUNCIL",2,0,0,0,0,2015,"May","Saturday","09:50 am","100","Not Divided","Straight road","Level","Not Applicable","Sealed","Dry","Not Raining","Daylight","Rear End","02","Driver Rider","1: PDO","No Control","","",1234090.52,1724775.97,"12340911724776"
"2015-6719-27/05/2021","3 Country","MOUNT PLEASANT","5235","THE BAROSSA COUNCIL.",2,0,0,0,0,2015,"June","Monday","03:30 pm","100","Not Divided","CURVED, VIEW OBSCURED","Slope","Not Applicable","Unsealed","Wet","Not Raining","Daylight","Hit Fixed Object","01","Driver Rider","1: PDO","No Control","","",1368157.05,1683646.05,"13681571683646"
"2015-6720-27/05/2021","3 Country","APY","872",,2,0,0,0,0,2015,"May","Wednesday","09:50 am","100","Not Divided","Straight road","Level","Not Applicable","Unsealed","Dry","Not Raining","Daylight","Hit Animal","02","Animal","1: PDO","No Control","","",712916.07,2634009.03,"07129162634009"
"2015-6721-27/05/2021","2 Metropolitan","ULEYBURY","5114","CITY OF PLAYFORD.",1,0,0,0,0,2015,"June","Monday","03:45 pm","080","Not Divided","CURVED, VIEW OPEN","Crest of Hill","Roadworks","Sealed","Dry","Not Raining","Daylight","Left Road - Out of Control","01","Driver Rider","1: PDO","No Control","","",1342968.88,1697007.36,"13429691697007"
"2015-6722-27/05/2021","2 Metropolitan","NOARLUNGA DOWNS","5168","CITY OF ONKAPARINGA",2,0,0,0,0,2015,"June","Monday","05:10 pm","060","Divided Road","Straight road","Level","Not Applicable","Sealed","Dry","Not Raining","Daylight","Rear End","02","Driver Rider","1: PDO","No Control","","",1317379.18,1646896.73,"13173791646897"
"2015-6723-27/05/2021","2 Metropolitan","RIDGEHAVEN","5097","CITY OF TEA TREE GULLY",2,0,0,0,0,2015,"May","Sunday","03:00 pm","060","Divided Road","Straight road","Crest of Hill","Driveway or Entrance","Sealed","Dry","Not Raining","Daylight","Right Angle","01","Driver Rider","1: PDO","No Control","","",1337427.34,1681301.1,"13374271681301"
"2015-6724-27/05/2021","3 Country","RENMARK","5341","DC RENMARK PARINGA            ",2,0,0,0,0,2015,"June","Monday","03:55 pm","050","Cross Road","Straight road","Level","Not Applicable","Sealed","Dry","Not Raining","Daylight","Right Angle","02","Driver Rider","1: PDO","Give Way Sign","","",1528837.65,1745423.1,"15288381745423"
"2015-6725-27/05/2021","2 Metropolitan","WESTBOURNE PARK","5041","CC MITCHAM.                   ",2,1,0,0,1,2015,"June","Monday","04:20 pm","060","Cross Road","Straight road","Level","Not Applicable","Sealed","Dry","Not Raining","Daylight","Rear End","02","Driver Rider","2: MI","Traffic Signals","","",1327546.38,1664994.52,"13275461664995"
"2015-6726-27/05/2021","2 Metropolitan","FULHAM","5024","CITY OF WEST TORRENS",2,1,0,0,1,2015,"June","Monday","06:00 am","060","Divided Road","Straight road","Level","Not Applicable","Sealed","Dry","Not Raining","Night","Rear End","02","Driver Rider","2: MI","No Control","","",1320956.15,1670945.55,"13209561670946"
"2015-6727-27/05/2021","2 Metropolitan","RIDLEYTON","5008","CITY OF CHARLES STURT",2,0,0,0,0,2015,"June","Monday","04:10 pm","060","T-Junction","Straight road","Level","Not Applicable","Sealed","Dry","Not Raining","Daylight","Rear End","01","Driver Rider","1: PDO","No Control","","",1325616.73,1673840.85,"13256171673841"
"2015-6728-27/05/2021","2 Metropolitan","PARALOWIE","5108","CITY OF SALISBURY",2,1,0,0,1,2015,"June","Monday","03:35 pm","060","T-Junction","Straight road","Level","Not Applicable","Sealed","Dry","Not Raining","Daylight","Right Angle","02","Driver Rider","2: MI","No Control","","",1328705.81,1688989.4,"13287061688989"