"REPORT_ID","Stats Area","Suburb","Postcode","LGA Name","Total Units","Total Cas","Total Fats","Total SI","Total MI","Year","Month","Day","Time","Area Speed","Position Type","Horizontal Align","Vertical Align","Other Feat","Road Surface","Moisture Cond","Weather Cond","DayNight","Crash Type","Unit Resp","Entity Code","CSEF Severity","Traffic Ctrls","DUI Involved","Drugs Involved","ACCLOC_X","ACCLOC_Y","UNIQUE_LOC"
"2015-8034-27/05/2021","2 Metropolitan","BALHANNAH","5242","THE ADELAIDE HILLS COUNCIL",2,0,0,0,0,2015,"July","Saturday","11:50 am","050","Not Divided","Straight road","Level","Not Applicable","Sealed","Dry","Not Raining","Daylight","Rear End","01","Driver Rider","1: PDO","No Control","","",1349292.87,1662011.24,"13492931662011"
"2015-8035-27/05/2021","2 Metropolitan","CHELTENHAM","5014","CITY OF CHARLES STURT",2,0,0,0,0,2015,"July","Saturday","12:00 pm","060","Cross Road","Straight road","Level","Not Applicable","Sealed","Dry","Not Raining","Daylight","Rear End","02","Driver Rider","1: PDO","Traffic Signals","","",1322118.28,1676363.89,"13221181676364"
"2015-8036-27/05/2021","2 Metropolitan","MACCLESFIELD","5153","DC MT.BARKER.                 ",2,1,0,1,0,2015,"July","Saturday","11:45 am","080","T-Junction","CURVED, VIEW OPEN","Level","Not Applicable","Sealed","Dry","Not Raining","Daylight","Rear End","02","Driver Rider","3: SI","No Control","","",1347826.53,1645185.25,"13478271645185"
"2015-8037-27/05/2021","2 Metropolitan","GLENELG NORTH","5045","CITY OF HOLDFAST BAY",2,0,0,0,0,2015,"July","Saturday","01:00 pm","050","Cross Road","Straight road","Level","Not Applicable","Sealed","Dry","Not Raining","Daylight","Rear End","01","Driver Rider","1: PDO","No Control","","",1320700.8,1665296.24,"13207011665296"
"2015-8038-27/05/2021","2 Metropolitan","HOPE VALLEY","5090","CITY OF TEA TREE GULLY",2,0,0,0,0,2015,"July","Saturday","12:00 pm","060","T-Junction","CURVED, VIEW OPEN","Level","Not Applicable","Sealed","Dry","Not Raining","Daylight","Right Angle","02","Driver Rider","1: PDO","No Control","","",1338490.15,1679538.76,"13384901679539"
"2015-8039-27/05/2021","3 Country","HAYBOROUGH","5211","DC VICTOR HARBOR.             ",1,1,0,0,1,2015,"July","Saturday","12:25 pm","080","Not Divided","Straight road","Level","Not Applicable","Sealed","Dry","Not Raining","Daylight","Roll Over","01","Driver Rider","2: MI","No Control","","",1330455.73,1604154.57,"13304561604155"
"2015-8040-27/05/2021","3 Country","PORT AUGUSTA","5700","CC PT.AUGUSTA.                ",2,1,0,0,1,2015,"July","Saturday","12:00 pm","050","T-Junction","Straight road","Level","Unknown","Sealed","Dry","Not Raining","Daylight","Rear End","02","Driver Rider","2: MI","No Control","","",1259996.58,1942206.4,"12599971942206"
"2015-8041-27/05/2021","3 Country","TANUNDA","5352","THE BAROSSA COUNCIL.",2,0,0,0,0,2015,"July","Saturday","01:20 pm","050","Not Divided","Straight road","Level","Not Applicable","Sealed","Dry","Not Raining","Daylight","Hit Parked Vehicle","01","Driver Rider","1: PDO","No Control","","",1362652.02,1713720.85,"13626521713721"
"2015-8042-27/05/2021","3 Country","YALATA","5690",,2,0,0,0,0,2015,"July","Thursday","07:30 pm","100","Not Divided","Straight road","Level","Not Applicable","Sealed","Dry","Not Raining","Night","Hit Animal","02","Animal","1: PDO","No Control","","",724619.01,2041410.55,"07246192041411"
"2015-8043-27/05/2021","3 Country","ROXBY DOWNS","5725",,2,1,0,0,1,2015,"July","Saturday","06:30 am","110","Not Divided","Straight road","Level","Not Applicable","Sealed","Dry","Not Raining","Night","Hit Fixed Object","01","Driver Rider","2: MI","No Control","","",1187015.21,2159055.78,"11870152159056"
"2015-8044-27/05/2021","2 Metropolitan","PAYNEHAM","5070","CC OF NORWOOD,PAYNEHAM & ST PETERS",2,0,0,0,0,2015,"July","Saturday","02:00 pm","060","Divided Road","Straight road","Level","Not Applicable","Sealed","Dry","Not Raining","Daylight","Rear End","02","Driver Rider","1: PDO","No Control","","",1332429.2,1673912.4,"13324291673912"
"2015-8045-27/05/2021","2 Metropolitan","KILBURN","5084","CITY OF PORT ADELAIDE ENFIELD",2,1,0,0,1,2015,"July","Saturday","12:30 pm","060","T-Junction","Straight road","Level","Not Applicable","Sealed","Dry","Not Raining","Daylight","Rear End","01","Driver Rider","2: MI","Traffic Signals","","",1327212.31,1677438.09,"13272121677438"
"2015-8046-27/05/2021","2 Metropolitan","MEDINDIE","5081","WALKERVILLE TOWN COUNCIL",2,1,0,0,1,2015,"July","Friday","03:15 pm","060","T-Junction","Straight road","Level","Not Applicable","Sealed","Dry","Not Raining","Daylight","Right Angle","02","Driver Rider","2: MI","Traffic Signals","","",1328926.9,1674227.95,"13289271674228"
"2015-8047-27/05/2021","3 Country","MOUNT BRYAN EAST","5419","REGIONAL COUNCIL OF GOYDER",2,0,0,0,0,2015,"July","Saturday","03:15 pm","100","Not Divided","CURVED, VIEW OBSCURED","Crest of Hill","Not Applicable","Unsealed","Dry","Not Raining","Daylight","Head On","02","Driver Rider","1: PDO","No Control","","",1374714.03,1831146.06,"13747141831146"
"2015-8048-27/05/2021","3 Country","WILD HORSE PLAINS","5501","WAKEFIELD REGIONAL COUNCIL",2,0,0,0,0,2015,"July","Saturday","03:15 pm","110","Divided Road","Straight road","Level","Median Opening (not at I/S)","Sealed","Dry","Not Raining","Daylight","Hit Fixed Object","01","Driver Rider","1: PDO","No Control","","",1299628.73,1738857.09,"12996291738857"
"2015-8049-27/05/2021","2 Metropolitan","BROOKLYN PARK","5032","CITY OF WEST TORRENS",2,0,0,0,0,2015,"July","Saturday","04:30 pm","060","T-Junction","CURVED, VIEW OPEN","Level","Not Applicable","Sealed","Dry","Not Raining","Daylight","Rear End","02","Driver Rider","1: PDO","Traffic Signals","","",1323376.73,1670929.17,"13233771670929"
"2015-8050-27/05/2021","2 Metropolitan","ADELAIDE AIRPORT","5950","CITY OF WEST TORRENS",2,0,0,0,0,2015,"July","Saturday","03:00 pm","050","Not Divided","Straight road","Level","Driveway or Entrance","Sealed","Dry","Not Raining","Daylight","Right Angle","02","Driver Rider","1: PDO","No Control","","",1320983.01,1668543.96,"13209831668544"
"2015-8051-27/05/2021","2 Metropolitan","O'HALLORAN HILL","5158","CITY OF ONKAPARINGA",2,0,0,0,0,2015,"July","Saturday","05:15 pm","060","T-Junction","Straight road","Level","Not Applicable","Sealed","Dry","Not Raining","Daylight","Right Angle","01","Driver Rider","1: PDO","No Control","","",1323894.66,1654471.15,"13238951654471"
"2015-8052-27/05/2021","3 Country","LOWER INMAN VALLEY","5211","DC VICTOR HARBOR.             ",2,0,0,0,0,2015,"July","Friday","08:20 pm","100","Not Divided","CURVED, VIEW OBSCURED","Slope","Not Applicable","Sealed","Dry","Not Raining","Night","Hit Fixed Object","01","Driver Rider","1: PDO","No Control","","",1319773.51,1607172.93,"13197741607173"
"2015-8053-27/05/2021","2 Metropolitan","PROSPECT","5082","CITY OF PROSPECT",2,0,0,0,0,2015,"July","Saturday","06:10 pm","040","Not Divided","Straight road","Slope","Not Applicable","Sealed","Dry","Not Raining","Night","Hit Parked Vehicle","01","Driver Rider","1: PDO","No Control","","",1327605.43,1675719.77,"13276051675720"
"2015-8054-27/05/2021","2 Metropolitan","GLENELG EAST","5045","CITY OF HOLDFAST BAY",3,1,0,0,1,2015,"July","Saturday","05:45 pm","060","Multiple","Straight road","Level","Not Applicable","Sealed","Dry","Not Raining","Night","Side Swipe","02","Driver Rider","2: MI","Traffic Signals","","",1321021.92,1664900.43,"13210221664900"
"2015-8055-27/05/2021","2 Metropolitan","BRIGHTON","5048","CITY OF HOLDFAST BAY",2,0,0,0,0,2015,"July","Saturday","06:45 pm","050","Not Divided","Straight road","Level","Not Applicable","Sealed","Dry","Not Raining","Night","Hit Fixed Object","01","Driver Rider","1: PDO","No Control","","",1320778.34,1660243.45,"13207781660243"
"2015-8056-27/05/2021","1 City","NORTH ADELAIDE","5006","CITY OF ADELAIDE",2,0,0,0,0,2015,"July","Saturday","09:30 pm","050","Cross Road","Straight road","Level","Not Applicable","Sealed","Dry","Not Raining","Night","Right Turn","01","Driver Rider","1: PDO","Traffic Signals","","",1328266.03,1672576.15,"13282661672576"
"2015-8057-27/05/2021","1 City","ADELAIDE","5000","CITY OF ADELAIDE",2,0,0,0,0,2015,"July","Saturday","05:35 am","050","T-Junction","Straight road","Level","Not Applicable","Unsealed","Dry","Not Raining","Night","Right Turn","01","Driver Rider","1: PDO","No Control","","",1328183.47,1670971.84,"13281831670972"
"2015-8058-27/05/2021","2 Metropolitan","CLELAND","5152","THE ADELAIDE HILLS COUNCIL",2,1,0,0,1,2015,"July","Sunday","02:00 am","080","Not Divided","CURVED, VIEW OPEN","Level","Not Applicable","Sealed","Dry","Not Raining","Night","Hit Fixed Object","01","Driver Rider","2: MI","No Control","","",1338162.9,1665185.66,"13381631665186"
"2015-8059-27/05/2021","1 City","ADELAIDE","5000","CITY OF ADELAIDE",3,1,0,1,0,2015,"July","Sunday","06:15 am","050","Not Divided","Straight road","Level","Not Applicable","Sealed","Dry","Not Raining","Night","Hit Fixed Object","01","Driver Rider","3: SI","No Control","Y","",1327647.53,1670164.18,"13276481670164"
"2015-8060-27/05/2021","2 Metropolitan","GEPPS CROSS","5094","CITY OF PORT ADELAIDE ENFIELD",2,1,0,1,0,2015,"July","Saturday","01:55 pm","070","T-Junction","Straight road","Level","Not Applicable","Sealed","Dry","Not Raining","Daylight","Right Angle","01","Driver Rider","3: SI","Traffic Signals","","",1329540.01,1680415.9,"13295401680416"
"2015-8061-27/05/2021","3 Country","TUNGKILLO","5236","MID MURRAY DISTRICT COUNCIL",2,0,0,0,0,2015,"July","Saturday","10:00 am","100","Not Divided","CURVED, VIEW OPEN","Level","Not Applicable","Unsealed","Dry","Not Raining","Daylight","Hit Fixed Object","01","Driver Rider","1: PDO","No Control","","",1366731.07,1670002.63,"13667311670003"
"2015-8062-27/05/2021","3 Country","YOUNGHUSBAND","5238","MID MURRAY DISTRICT COUNCIL",2,1,0,0,1,2015,"July","Saturday","01:30 pm","110","Cross Road","Straight road","Level","Not Applicable","Sealed","Dry","Not Raining","Daylight","Right Angle","01","Driver Rider","2: MI","Give Way Sign","","",1397955.24,1670465.48,"13979551670465"
"2015-8063-27/05/2021","3 Country","KADINA","5554","COPPER COAST DISTRICT COUNCIL",2,1,0,0,1,2015,"July","Saturday","07:30 pm","080","T-Junction","Straight road","Level","Not Applicable","Sealed","Dry","Not Raining","Night","Hit Fixed Object","01","Driver Rider","2: MI","No Control","","",1251729.92,1778984.91,"12517301778985"
"2015-8064-27/05/2021","2 Metropolitan","ALDGATE","5154","THE ADELAIDE HILLS COUNCIL",2,0,0,0,0,2015,"July","Saturday","11:30 pm","050","T-Junction","CURVED, VIEW OBSCURED","Crest of Hill","Not Applicable","Sealed","Dry","Not Raining","Night","Rear End","02","Driver Rider","1: PDO","No Control","","",1340321.94,1659245.88,"13403221659246"
"2015-8065-27/05/2021","2 Metropolitan","PLYMPTON","5038","CITY OF WEST TORRENS",2,0,0,0,0,2015,"July","Saturday","10:15 pm","060","Cross Road","Straight road","Level","Not Applicable","Sealed","Dry","Not Raining","Night","Right Turn","02","Driver Rider","1: PDO","Traffic Signals","","",1324227.3,1666580.54,"13242271666581"
"2015-8066-27/05/2021","2 Metropolitan","ELIZABETH DOWNS","5113","CITY OF PLAYFORD.",2,1,0,0,1,2015,"July","Sunday","10:35 am","060","T-Junction","Straight road","Level","Not Applicable","Sealed","Dry","Not Raining","Daylight","Right Angle","02","Driver Rider","2: MI","No Control","","",1337998.36,1696450.86,"13379981696451"
"2015-8067-27/05/2021","1 City","NORTH ADELAIDE","5006","CITY OF ADELAIDE",3,1,0,0,1,2015,"July","Sunday","11:20 am","050","Not Divided","Straight road","Level","Not Applicable","Sealed","Dry","Not Raining","Daylight","Hit Parked Vehicle","02","Driver Rider","2: MI","No Control","","",1329274.24,1672746.29,"13292741672746"
"2015-8068-27/05/2021","2 Metropolitan","PROSPECT","5082","CITY OF PROSPECT",3,0,0,0,0,2015,"July","Sunday","12:30 pm","060","Cross Road","Straight road","Level","Not Applicable","Sealed","Dry","Not Raining","Daylight","Rear End","01","Driver Rider","1: PDO","Traffic Signals","","",1327235.97,1676403.16,"13272361676403"
"2015-8069-27/05/2021","2 Metropolitan","ROSE PARK","5067","CITY OF BURNSIDE",2,0,0,0,0,2015,"July","Saturday","05:15 pm","050","Not Divided","Straight road","Level","Not Applicable","Sealed","Dry","Not Raining","Daylight","Hit Fixed Object","01","Driver Rider","1: PDO","No Control","","",1331173.89,1670082.87,"13311741670083"
"2015-8070-27/05/2021","2 Metropolitan","GLENELG","5045","CITY OF HOLDFAST BAY",2,0,0,0,0,2015,"July","Sunday","01:50 pm","040","Cross Road","Straight road","Level","Not Applicable","Sealed","Dry","Not Raining","Daylight","Rear End","02","Driver Rider","1: PDO","Stop Sign","","",1320375.75,1664881.97,"13203761664882"
"2015-8071-27/05/2021","2 Metropolitan","SOMERTON PARK","5044","CITY OF HOLDFAST BAY",2,1,0,0,1,2015,"July","Saturday","03:15 pm","060","Divided Road","Straight road","Level","Not Applicable","Sealed","Dry","Not Raining","Daylight","Rear End","01","Driver Rider","2: MI","No Control","","",1321066.22,1663367.74,"13210661663368"
"2015-8072-27/05/2021","2 Metropolitan","WEST BEACH","5024","CITY OF WEST TORRENS",2,0,0,0,0,2015,"July","Sunday","04:19 pm","080","Cross Road","Straight road","Level","Not Applicable","Sealed","Dry","Not Raining","Daylight","Rear End","02","Driver Rider","1: PDO","Traffic Signals","","",1320929.56,1668827.66,"13209301668828"
"2015-8073-27/05/2021","3 Country","APY","872",,1,1,0,1,0,2015,"July","Sunday","12:00 pm","100","Not Divided","Straight road","Level","Not Applicable","Unsealed","Dry","Not Raining","Daylight","Roll Over","01","Driver Rider","3: SI","No Control","","",830850.19,2556790.81,"08308502556791"
"2015-8074-27/05/2021","2 Metropolitan","INGLE FARM","5098","CITY OF SALISBURY",2,0,0,0,0,2015,"July","Saturday","04:35 pm","050","Not Divided","Straight road","Slope","Not Applicable","Sealed","Dry","Not Raining","Daylight","Hit Parked Vehicle","01","Driver Rider","1: PDO","No Control","","",1333350.49,1682282.88,"13333501682283"
"2015-8075-27/05/2021","2 Metropolitan","MORPHETT VALE","5162","CITY OF ONKAPARINGA",2,0,0,0,0,2015,"July","Sunday","05:15 pm","050","T-Junction","Straight road","Level","Not Applicable","Sealed","Dry","Not Raining","Daylight","Right Angle","02","Driver Rider","1: PDO","No Control","","",1322417.62,1648545.82,"13224181648546"
"2015-8076-27/05/2021","3 Country","ARDROSSAN","5571","YORKE PENINSULA COUNCIL",3,0,0,0,0,2015,"July","Sunday","04:45 pm","050","Not Divided","Straight road","Level","Unknown","Sealed","Dry","Not Raining","Daylight","Hit Parked Vehicle","01","Driver Rider","1: PDO","No Control","","",1267739.99,1727959.12,"12677401727959"
"2015-8077-27/05/2021","2 Metropolitan","POORAKA","5095","CITY OF SALISBURY",2,0,0,0,0,2015,"July","Sunday","06:00 pm","060","T-Junction","Straight road","Level","Not Applicable","Sealed","Dry","Not Raining","Night","Right Turn","02","Driver Rider","1: PDO","Traffic Signals","","",1332556.21,1682324.01,"13325561682324"
"2015-8078-27/05/2021","2 Metropolitan","WOODSIDE","5244","THE ADELAIDE HILLS COUNCIL",2,2,0,2,0,2015,"July","Sunday","03:52 pm","050","Not Divided","Straight road","Level","Not Applicable","Sealed","Dry","Not Raining","Daylight","Hit Fixed Object","09","Other","3: SI","No Control","","",1353686.76,1667271.4,"13536871667271"
"2015-8079-27/05/2021","2 Metropolitan","MELROSE PARK","5039","CC MITCHAM.                   ",3,1,0,0,1,2015,"July","Sunday","05:50 pm","060","T-Junction","Straight road","Level","Not Applicable","Sealed","Dry","Not Raining","Night","Right Turn","02","Driver Rider","2: MI","Traffic Signals","","",1325936.31,1664190.8,"13259361664191"
"2015-8080-27/05/2021","2 Metropolitan","ASHFORD","5035","CITY OF WEST TORRENS",2,0,0,0,0,2015,"July","Sunday","04:50 pm","025","Cross Road","Straight road","Level","Roadworks","Sealed","Dry","Not Raining","Daylight","Right Angle","02","Driver Rider","1: PDO","Give Way Sign","","",1325818.73,1668336.42,"13258191668336"
"2015-8081-27/05/2021","2 Metropolitan","WAYVILLE","5034","CITY OF UNLEY",3,0,0,0,0,2015,"July","Sunday","07:15 pm","060","Cross Road","Straight road","Level","Not Applicable","Sealed","Dry","Not Raining","Night","Right Angle","01","Driver Rider","1: PDO","Traffic Signals","","",1327426.25,1668913.54,"13274261668914"
"2015-8082-27/05/2021","2 Metropolitan","SALISBURY HEIGHTS","5109","CITY OF SALISBURY",3,0,0,0,0,2015,"July","Sunday","11:20 pm","050","Not Divided","CURVED, VIEW OPEN","Slope","Not Applicable","Sealed","Dry","Not Raining","Night","Hit Fixed Object","01","Driver Rider","1: PDO","No Control","","",1336184.19,1688769.04,"13361841688769"
"2015-8083-27/05/2021","1 City","ADELAIDE","5000","CITY OF ADELAIDE",2,0,0,0,0,2015,"July","Monday","06:35 am","050","Cross Road","Straight road","Level","Not Applicable","Sealed","Wet","Not Raining","Night","Side Swipe","01","Driver Rider","1: PDO","Traffic Signals","","",1327925.66,1670500.3,"13279261670500"
"2015-8084-27/05/2021","2 Metropolitan","SOUTH PLYMPTON","5038","CC MARION.                    ",2,1,0,0,1,2015,"July","Monday","07:55 am","060","Divided Road","Straight road","Level","Driveway or Entrance","Sealed","Dry","Not Raining","Daylight","Side Swipe","01","Driver Rider","2: MI","No Control","","",1324246.46,1665852.22,"13242461665852"
"2015-8085-27/05/2021","2 Metropolitan","ALBERTON","5014","CITY OF PORT ADELAIDE ENFIELD",2,1,0,0,1,2015,"July","Monday","07:00 am","060","T-Junction","Straight road","Level","Not Applicable","Sealed","Wet","Not Raining","Night","Right Angle","02","Driver Rider","2: MI","Give Way Sign","","",1321018.12,1677673.17,"13210181677673"
"2015-8086-27/05/2021","3 Country","COONAWARRA","5263","WATTLE RANGE COUNCIL",2,0,0,0,0,2015,"July","Monday","06:45 am","110","Not Divided","Straight road","Level","Not Applicable","Sealed","Wet","Not Raining","Night","Head On","02","Driver Rider","1: PDO","No Control","","",1518469.28,1401418.54,"15184691401419"
"2015-8087-27/05/2021","2 Metropolitan","PENFIELD","5121","CITY OF PLAYFORD.",2,1,0,0,1,2015,"July","Monday","07:15 am","080","T-Junction","Straight road","Level","Not Applicable","Sealed","Dry","Not Raining","Night","Right Angle","02","Driver Rider","2: MI","Give Way Sign","","",1329822.25,1697070.86,"13298221697071"
"2015-8088-27/05/2021","2 Metropolitan","BROOKLYN PARK","5032","CITY OF WEST TORRENS",2,0,0,0,0,2015,"July","Sunday","11:55 am","060","T-Junction","Straight road","Level","Not Applicable","Sealed","Dry","Not Raining","Daylight","Rear End","02","Driver Rider","1: PDO","Traffic Signals","","",1322751.99,1670078.44,"13227521670078"
"2015-8089-27/05/2021","2 Metropolitan","MCLAREN VALE","5171","CITY OF ONKAPARINGA",2,0,0,0,0,2015,"July","Monday","08:20 am","080","Not Divided","CURVED, VIEW OPEN","Crest of Hill","Not Applicable","Sealed","Wet","Raining","Daylight","Hit Animal","02","Animal","1: PDO","No Control","","",1320141.41,1640662.23,"13201411640662"
"2015-8090-27/05/2021","3 Country","KADINA","5554","COPPER COAST DISTRICT COUNCIL",2,0,0,0,0,2015,"July","Monday","07:10 am","080","Not Divided","Straight road","Level","Not Applicable","Sealed","Dry","Not Raining","Night","Hit Animal","02","Animal","1: PDO","No Control","","",1251847.95,1778942.67,"12518481778943"
"2015-8091-27/05/2021","2 Metropolitan","PAYNEHAM","5070","CC OF NORWOOD,PAYNEHAM & ST PETERS",3,0,0,0,0,2015,"July","Monday","10:00 am","060","Divided Road","Straight road","Level","Not Applicable","Sealed","Dry","Not Raining","Daylight","Side Swipe","02","Driver Rider","1: PDO","No Control","","",1332181.53,1673679.83,"13321821673680"
"2015-8092-27/05/2021","2 Metropolitan","THORNGATE","5082","CITY OF PROSPECT",3,0,0,0,0,2015,"July","Sunday","03:30 pm","050","Cross Road","Straight road","Level","Not Applicable","Sealed","Dry","Not Raining","Daylight","Right Turn","01","Driver Rider","1: PDO","Traffic Signals","","",1328126.62,1673676.17,"13281271673676"
"2015-8093-27/05/2021","2 Metropolitan","GOULD CREEK","5114","CITY OF PLAYFORD.",2,0,0,0,0,2015,"July","Sunday","03:08 pm","080","Not Divided","CURVED, VIEW OPEN","Level","Not Applicable","Sealed","Dry","Not Raining","Daylight","Hit Fixed Object","01","Driver Rider","1: PDO","No Control","","",1339226.28,1690471.1,"13392261690471"
"2015-8094-27/05/2021","3 Country","WHYALLA","5600","CC WHYALLA.                   ",2,1,0,0,1,2015,"July","Friday","12:50 pm","060","Cross Road","Straight road","Level","Not Applicable","Sealed","Dry","Not Raining","Daylight","Hit Fixed Object","01","Driver Rider","2: MI","Roundabout","","",1240053.84,1882676.81,"12400541882677"
"2015-8095-27/05/2021","2 Metropolitan","KENSINGTON PARK","5068","CITY OF BURNSIDE",2,0,0,0,0,2015,"July","Sunday","12:30 pm","060","T-Junction","Straight road","Level","Not Applicable","Sealed","Dry","Not Raining","Daylight","Rear End","02","Driver Rider","1: PDO","No Control","","",1333461.56,1671794.25,"13334621671794"
"2015-8096-27/05/2021","2 Metropolitan","FULHAM GARDENS","5024","CITY OF CHARLES STURT",2,0,0,0,0,2015,"July","Monday","07:30 am","060","Cross Road","Straight road","Level","Not Applicable","Sealed","Dry","Not Raining","Daylight","Right Turn","01","Driver Rider","1: PDO","Traffic Signals","","",1320660.26,1672376.02,"13206601672376"
"2015-8097-27/05/2021","2 Metropolitan","OUTER HARBOR","5018","CITY OF PORT ADELAIDE ENFIELD",2,0,0,0,0,2015,"July","Sunday","09:00 pm","050","Not Divided","CURVED, VIEW OPEN","Level","Not Applicable","Sealed","Dry","Not Raining","Night","Hit Fixed Object","01","Driver Rider","1: PDO","No Control","","",1320123.18,1688506.6,"13201231688507"
"2015-8098-27/05/2021","2 Metropolitan","SALISBURY DOWNS","5108","CITY OF SALISBURY",2,1,0,0,1,2015,"July","Monday","01:37 pm","060","Cross Road","Straight road","Level","Not Applicable","Sealed","Dry","Not Raining","Daylight","Rear End","02","Driver Rider","2: MI","Traffic Signals","","",1331452.34,1686817.44,"13314521686817"
"2015-8099-27/05/2021","2 Metropolitan","VIRGINIA","5120","CITY OF PLAYFORD.",2,0,0,0,0,2015,"July","Monday","12:35 pm","100","T-Junction","Straight road","Level","Not Applicable","Sealed","Dry","Not Raining","Daylight","Right Angle","02","Driver Rider","1: PDO","No Control","","",1325312.88,1701339.85,"13253131701340"
"2015-8100-27/05/2021","2 Metropolitan","KENT TOWN","5067","CC OF NORWOOD,PAYNEHAM & ST PETERS",2,0,0,0,0,2015,"July","Monday","09:30 am","060","Not Divided","Straight road","Level","Not Applicable","Sealed","Dry","Not Raining","Daylight","Hit Parked Vehicle","02","Driver Rider","1: PDO","No Control","","",1330476.5,1670902.09,"13304771670902"
"2015-8101-27/05/2021","2 Metropolitan","MOUNT BARKER","5251","DC MT.BARKER.                 ",2,1,0,0,1,2015,"July","Monday","02:20 pm","050","Cross Road","Straight road","Level","Not Applicable","Sealed","Dry","Not Raining","Daylight","Side Swipe","02","Driver Rider","2: MI","Stop Sign","","",1351408.01,1654309.77,"13514081654310"
"2015-8102-27/05/2021","2 Metropolitan","WOODVILLE","5011","CITY OF CHARLES STURT",2,0,0,0,0,2015,"July","Sunday","06:15 pm","050","T-Junction","Straight road","Level","Not Applicable","Sealed","Dry","Not Raining","Night","Right Turn","02","Driver Rider","1: PDO","No Control","","",1323105.33,1676265.43,"13231051676265"
"2015-8103-27/05/2021","2 Metropolitan","ELIZABETH EAST","5112","CITY OF PLAYFORD.",2,0,0,0,0,2015,"July","Monday","01:40 pm","060","Cross Road","CURVED, VIEW OBSCURED","Level","Not Applicable","Sealed","Wet","Raining","Daylight","Right Angle","02","Driver Rider","1: PDO","Roundabout","","",1336896.21,1693032.29,"13368961693032"
"2015-8104-27/05/2021","2 Metropolitan","EVANSTON PARK","5116","CT GAWLER.                    ",2,0,0,0,0,2015,"July","Monday","03:15 pm","060","Not Divided","Straight road","Level","Not Applicable","Sealed","Dry","Not Raining","Daylight","Rear End","01","Driver Rider","1: PDO","No Control","","",1342720.97,1704388.23,"13427211704388"
"2015-8105-27/05/2021","2 Metropolitan","TORRENS PARK","5062","CC MITCHAM.                   ",2,1,0,0,1,2015,"July","Friday","09:00 am","060","T-Junction","Straight road","Level","Not Applicable","Sealed","Dry","Not Raining","Daylight","Rear End","02","Driver Rider","2: MI","No Control","","",1329216.47,1663401.5,"13292161663402"
"2015-8106-27/05/2021","2 Metropolitan","TROTT PARK","5158","CC MARION.                    ",2,0,0,0,0,2015,"July","Friday","12:30 pm","100","Freeway","Straight road","Level","Not Applicable","Sealed","Dry","Not Raining","Daylight","Side Swipe","02","Driver Rider","1: PDO","No Control","","",1322986.87,1655138.47,"13229871655138"
"2015-8107-27/05/2021","2 Metropolitan","HALLETT COVE","5158","CC MARION.                    ",2,0,0,0,0,2015,"July","Friday","01:30 pm","050","T-Junction","Straight road","Level","Not Applicable","Sealed","Dry","Not Raining","Daylight","Hit Fixed Object","01","Driver Rider","1: PDO","Roundabout","","",1320358.07,1655771.16,"13203581655771"
"2015-8108-27/05/2021","2 Metropolitan","PASADENA","5042","CC MITCHAM.                   ",2,1,0,0,1,2015,"July","Monday","07:10 am","060","T-Junction","Straight road","Level","Not Applicable","Sealed","Dry","Not Raining","Night","Rear End","01","Driver Rider","2: MI","Traffic Signals","","",1327582.41,1663360.34,"13275821663360"
"2015-8109-27/05/2021","2 Metropolitan","GILLES PLAINS","5086","CITY OF PORT ADELAIDE ENFIELD",2,0,0,0,0,2015,"July","Monday","04:35 pm","060","T-Junction","Straight road","Level","Not Applicable","Sealed","Wet","Not Raining","Daylight","Rear End","02","Driver Rider","1: PDO","No Control","","",1334382.61,1678376.16,"13343831678376"
"2015-8110-27/05/2021","3 Country","NURIOOTPA","5355","THE BAROSSA COUNCIL.",3,0,0,0,0,2015,"July","Monday","03:15 pm","110","T-Junction","Straight road","Level","Not Applicable","Sealed","Dry","Not Raining","Daylight","Roll Over","09","Other","1: PDO","Give Way Sign","","",1365221.54,1720890.56,"13652221720891"
"2015-8111-27/05/2021","2 Metropolitan","BROADVIEW","5083","CITY OF PORT ADELAIDE ENFIELD",2,0,0,0,0,2015,"July","Monday","04:15 pm","060","T-Junction","Straight road","Level","Not Applicable","Sealed","Wet","Raining","Daylight","Rear End","02","Driver Rider","1: PDO","No Control","","",1330428.75,1676915.53,"13304291676916"
"2015-8112-27/05/2021","2 Metropolitan","VALLEY VIEW","5093","CITY OF TEA TREE GULLY",2,1,0,1,0,2015,"July","Monday","05:40 pm","060","Cross Road","Straight road","Level","Not Applicable","Sealed","Wet","Not Raining","Night","Side Swipe","02","Driver Rider","3: SI","Traffic Signals","","",1335285.41,1679409.95,"13352851679410"
"2015-8113-27/05/2021","1 City","ADELAIDE","5000","CITY OF ADELAIDE",1,1,0,0,1,2015,"July","Monday","05:30 pm","050","Cross Road","Straight road","Level","Not Applicable","Sealed","Wet","Raining","Night","Roll Over","01","Driver Rider","2: MI","Traffic Signals","","",1328505.72,1669724.79,"13285061669725"
"2015-8114-27/05/2021","2 Metropolitan","GLENALTA","5052","CC MITCHAM.                   ",2,2,0,0,2,2015,"July","Thursday","08:35 am","060","T-Junction","CURVED, VIEW OPEN","Bottom of Hill","Not Applicable","Sealed","Wet","Raining","Daylight","Right Turn","02","Driver Rider","2: MI","No Control","","",1330510.59,1661672.78,"13305111661673"
"2015-8115-27/05/2021","2 Metropolitan","ST MARYS","5042","CC MITCHAM.                   ",2,0,0,0,0,2015,"July","Monday","05:40 pm","070","Divided Road","Straight road","Bottom of Hill","Not Applicable","Sealed","Wet","Not Raining","Night","Rear End","02","Driver Rider","1: PDO","No Control","","",1326660.95,1661295.56,"13266611661296"