"REPORT_ID","Stats Area","Suburb","Postcode","LGA Name","Total Units","Total Cas","Total Fats","Total SI","Total MI","Year","Month","Day","Time","Area Speed","Position Type","Horizontal Align","Vertical Align","Other Feat","Road Surface","Moisture Cond","Weather Cond","DayNight","Crash Type","Unit Resp","Entity Code","CSEF Severity","Traffic Ctrls","DUI Involved","Drugs Involved","ACCLOC_X","ACCLOC_Y","UNIQUE_LOC"
"2015-8443-27/05/2021","2 Metropolitan","SALISBURY EAST","5109","CITY OF SALISBURY",2,0,0,0,0,2015,"July","Tuesday","10:55 pm","080","Cross Road","Straight road","Level","Not Applicable","Sealed","Wet","Not Raining","Night","Right Angle","02","Driver Rider","1: PDO","Traffic Signals","","",1333277.7,1685371.45,"13332781685371"
"2015-8444-27/05/2021","2 Metropolitan","NOARLUNGA CENTRE","5168","CITY OF ONKAPARINGA",3,0,0,0,0,2015,"July","Tuesday","02:15 pm","060","T-Junction","Straight road","Level","Not Applicable","Sealed","Wet","Raining","Daylight","Rear End","01","Driver Rider","1: PDO","Traffic Signals","","",1318788.81,1647471.6,"13187891647472"
"2015-8445-27/05/2021","2 Metropolitan","ELIZABETH VALE","5112","CITY OF PLAYFORD.",2,0,0,0,0,2015,"July","Wednesday","07:50 am","080","Divided Road","CURVED, VIEW OPEN","Slope","Not Applicable","Sealed","Wet","Not Raining","Daylight","Hit Fixed Object","01","Driver Rider","1: PDO","No Control","","",1336205.04,1690065.78,"13362051690066"
"2015-8446-27/05/2021","2 Metropolitan","OSBORNE","5017","CITY OF PORT ADELAIDE ENFIELD",2,0,0,0,0,2015,"July","Wednesday","06:15 am","060","Divided Road","Straight road","Level","Not Applicable","Sealed","Wet","Not Raining","Night","Rear End","02","Driver Rider","1: PDO","No Control","","",1319974.54,1685558.49,"13199751685558"
"2015-8447-27/05/2021","2 Metropolitan","TRINITY GARDENS","5068","CC OF NORWOOD,PAYNEHAM & ST PETERS",4,1,0,0,1,2015,"July","Wednesday","07:45 am","060","T-Junction","Straight road","Level","Not Applicable","Sealed","Dry","Not Raining","Daylight","Rear End","01","Driver Rider","2: MI","No Control","","",1332455.15,1671767.74,"13324551671768"
"2015-8448-27/05/2021","2 Metropolitan","ALDINGA","5173","CITY OF ONKAPARINGA",2,1,0,0,1,2015,"July","Wednesday","08:20 am","100","T-Junction","Straight road","Crest of Hill","Not Applicable","Sealed","Wet","Not Raining","Daylight","Rear End","02","Driver Rider","2: MI","No Control","","",1317026.91,1633492.17,"13170271633492"
"2015-8449-27/05/2021","2 Metropolitan","GLENGOWRIE","5044","CC MARION.                    ",2,1,0,0,1,2015,"July","Wednesday","07:20 am","060","T-Junction","Straight road","Level","Not Applicable","Sealed","Wet","Not Raining","Night","Right Angle","02","Driver Rider","2: MI","Give Way Sign","","",1322662.43,1664460.36,"13226621664460"
"2015-8450-27/05/2021","3 Country","BERRI","5343","THE BERRI BARMERA COUNCIL",2,0,0,0,0,2015,"July","Wednesday","07:00 am","050","Divided Road","Straight road","Level","Not Applicable","Sealed","Dry","Not Raining","Night","Hit Fixed Object","01","Driver Rider","1: PDO","No Control","","",1514330.31,1735040.28,"15143301735040"
"2015-8451-27/05/2021","3 Country","MONTEITH","5254","RC MURRAY BRIDGE.             ",2,1,0,0,1,2015,"July","Wednesday","06:56 am","060","Freeway","CURVED, VIEW OPEN","Slope","Roadworks","Sealed","Dry","Not Raining","Night","Rear End","02","Driver Rider","2: MI","No Control","","",1393238.27,1643858.25,"13932381643858"
"2015-8452-27/05/2021","2 Metropolitan","CRAFERS","5152","THE ADELAIDE HILLS COUNCIL",2,1,0,0,1,2015,"July","Tuesday","04:05 pm","050","Divided Road","Straight road","Level","Not Applicable","Sealed","Wet","Raining","Daylight","Rear End","02","Driver Rider","2: MI","No Control","","",1337768.56,1662395.83,"13377691662396"
"2015-8453-27/05/2021","2 Metropolitan","STURT","5047","CC MARION.                    ",2,0,0,0,0,2015,"July","Sunday","12:00 pm","060","Divided Road","Straight road","Level","Not Applicable","Sealed","Wet","Raining","Daylight","Rear End","02","Driver Rider","1: PDO","No Control","","",1324086.87,1660666.13,"13240871660666"
"2015-8454-27/05/2021","2 Metropolitan","ADELAIDE AIRPORT","5950","CITY OF WEST TORRENS",2,0,0,0,0,2015,"July","Wednesday","09:10 am","050","Cross Road","CURVED, VIEW OPEN","Level","Not Applicable","Sealed","Dry","Not Raining","Daylight","Side Swipe","02","Driver Rider","1: PDO","Roundabout","","",1322516.26,1669812.8,"13225161669813"
"2015-8455-27/05/2021","2 Metropolitan","KANGARILLA","5157","CITY OF ONKAPARINGA",2,0,0,0,0,2015,"July","Wednesday","07:50 am","080","Not Divided","CURVED, VIEW OPEN","Crest of Hill","Not Applicable","Sealed","Wet","Not Raining","Daylight","Hit Fixed Object","01","Driver Rider","1: PDO","No Control","","",1332482.64,1647984.89,"13324831647985"
"2015-8456-27/05/2021","2 Metropolitan","ELIZABETH EAST","5112","CITY OF PLAYFORD.",3,0,0,0,0,2015,"July","Wednesday","10:10 am","080","Divided Road","Straight road","Level","Not Applicable","Sealed","Dry","Not Raining","Daylight","Side Swipe","01","Driver Rider","1: PDO","No Control","","",1336129.95,1692047.32,"13361301692047"
"2015-8457-27/05/2021","3 Country","TRURO","5356","MID MURRAY DISTRICT COUNCIL",2,0,0,0,0,2015,"July","Wednesday","03:43 am","110","Not Divided","Straight road","Slope","Not Applicable","Sealed","Wet","Raining","Night","Hit Fixed Object","01","Driver Rider","1: PDO","No Control","","",1381496.9,1726680.57,"13814971726681"
"2015-8458-27/05/2021","3 Country","CLEVE","5640","DC CLEVE.                     ",2,0,0,0,0,2015,"July","Tuesday","10:45 pm","110","Not Divided","Straight road","Level","Not Applicable","Unsealed","Wet","Raining","Night","Hit Fixed Object","01","Driver Rider","1: PDO","No Control","","",1127292.35,1818097.03,"11272921818097"
"2015-8459-27/05/2021","2 Metropolitan","WYNN VALE","5127","CITY OF TEA TREE GULLY",2,0,0,0,0,2015,"July","Tuesday","10:35 am","080","T-Junction","CURVED, VIEW OPEN","Level","Not Applicable","Sealed","Wet","Raining","Daylight","Hit Fixed Object","01","Driver Rider","1: PDO","Traffic Signals","","",1335765.09,1683090.9,"13357651683091"
"2015-8460-27/05/2021","2 Metropolitan","CLARENCE PARK","5034","CITY OF UNLEY",2,0,0,0,0,2015,"July","Tuesday","02:00 pm","060","T-Junction","Straight road","Level","Not Applicable","Sealed","Wet","Not Raining","Daylight","Right Angle","01","Driver Rider","1: PDO","No Control","","",1327503.72,1666342.92,"13275041666343"
"2015-8461-27/05/2021","2 Metropolitan","ELIZABETH PARK","5113","CITY OF PLAYFORD.",3,0,0,0,0,2015,"July","Wednesday","11:45 am","080","Cross Road","Straight road","Level","Not Applicable","Sealed","Wet","Not Raining","Daylight","Rear End","02","Driver Rider","1: PDO","Traffic Signals","","",1336500.9,1694621.89,"13365011694622"
"2015-8462-27/05/2021","2 Metropolitan","ENFIELD","5085","CITY OF PORT ADELAIDE ENFIELD",2,0,0,0,0,2015,"July","Tuesday","09:00 pm","050","T-Junction","Straight road","Level","Not Applicable","Sealed","Wet","Not Raining","Night","Right Angle","02","Driver Rider","1: PDO","No Control","","",1329336.3,1676888.25,"13293361676888"
"2015-8463-27/05/2021","2 Metropolitan","WESTBOURNE PARK","5041","CC MITCHAM.                   ",2,0,0,0,0,2015,"July","Wednesday","08:00 am","060","Cross Road","Straight road","Level","Not Applicable","Sealed","Wet","Not Raining","Daylight","Right Turn","01","Driver Rider","1: PDO","Traffic Signals","","",1327546.38,1664994.52,"13275461664995"
"2015-8464-27/05/2021","3 Country","RENMARK","5341","DC RENMARK PARINGA            ",2,0,0,0,0,2015,"July","Wednesday","01:30 pm","050","Cross Road","Straight road","Level","Not Applicable","Sealed","Dry","Not Raining","Daylight","Side Swipe","02","Driver Rider","1: PDO","Give Way Sign","","",1528837.65,1745423.1,"15288381745423"
"2015-8465-27/05/2021","2 Metropolitan","WINGFIELD","5013","CITY OF PORT ADELAIDE ENFIELD",2,0,0,0,0,2015,"July","Tuesday","02:35 pm","090","Freeway","Straight road","Level","Not Applicable","Sealed","Dry","Not Raining","Daylight","Hit Fixed Object","01","Driver Rider","1: PDO","No Control","","",1323214.29,1681018.57,"13232141681019"
"2015-8466-27/05/2021","3 Country","CONMURRA","5272","DC NARACOORTE & LUCINDALE.",2,1,0,1,0,2015,"July","Tuesday","12:00 pm","100","Not Divided","Straight road","Level","Not Applicable","Unsealed","Wet","Raining","Daylight","Hit Fixed Object","01","Driver Rider","3: SI","No Control","","",1463239.09,1422478.85,"14632391422479"
"2015-8467-27/05/2021","2 Metropolitan","PROSPECT","5082","CITY OF PROSPECT",2,2,0,0,2,2015,"July","Wednesday","01:00 pm","060","Cross Road","Straight road","Level","Not Applicable","Sealed","Dry","Not Raining","Daylight","Right Turn","02","Driver Rider","2: MI","Traffic Signals","","",1327235.97,1676403.16,"13272361676403"
"2015-8468-27/05/2021","2 Metropolitan","MODBURY NORTH","5092","CITY OF TEA TREE GULLY",2,0,0,0,0,2015,"July","Wednesday","01:00 pm","060","Not Divided","Straight road","Level","Not Applicable","Sealed","Dry","Not Raining","Daylight","Rear End","01","Driver Rider","1: PDO","No Control","","",1335667.71,1681628.77,"13356681681629"
"2015-8469-27/05/2021","2 Metropolitan","PARADISE","5075","CC CAMPBELLTOWN.              ",2,0,0,0,0,2015,"July","Wednesday","01:24 pm","060","T-Junction","CURVED, VIEW OPEN","Level","Not Applicable","Sealed","Dry","Not Raining","Daylight","Side Swipe","01","Driver Rider","1: PDO","Traffic Signals","","",1334567.97,1675903.26,"13345681675903"
"2015-8470-27/05/2021","2 Metropolitan","WEST LAKES","5021","CITY OF CHARLES STURT",2,0,0,0,0,2015,"July","Wednesday","02:10 pm","060","Cross Road","Straight road","Level","Control Not Operational","Sealed","Dry","Not Raining","Daylight","Right Angle","01","Driver Rider","1: PDO","Traffic Signals","","",1319873.81,1676043.62,"13198741676044"
"2015-8471-27/05/2021","2 Metropolitan","MORPHETT VALE","5162","CITY OF ONKAPARINGA",4,0,0,0,0,2015,"July","Wednesday","10:40 am","060","Divided Road","Straight road","Slope","Not Applicable","Sealed","Wet","Raining","Daylight","Hit Fixed Object","01","Driver Rider","1: PDO","No Control","","",1322926.94,1649915.24,"13229271649915"
"2015-8472-27/05/2021","2 Metropolitan","BEDFORD PARK","5042","CC MITCHAM.                   ",2,1,0,0,1,2015,"July","Wednesday","09:03 am","070","T-Junction","Straight road","Slope","Not Applicable","Sealed","Dry","Not Raining","Daylight","Side Swipe","02","Driver Rider","2: MI","No Control","","",1325130.41,1660386.35,"13251301660386"
"2015-8473-27/05/2021","1 City","ADELAIDE","5000","CITY OF ADELAIDE",2,1,0,0,1,2015,"July","Wednesday","02:55 pm","050","Not Divided","Straight road","Level","Not Applicable","Sealed","Dry","Not Raining","Daylight","Side Swipe","01","Driver Rider","2: MI","No Control","","",1328016.22,1670174.65,"13280161670175"
"2015-8474-27/05/2021","2 Metropolitan","GOODWOOD","5034","CITY OF UNLEY",2,0,0,0,0,2015,"July","Tuesday","02:15 pm","050","T-Junction","Straight road","Level","Not Applicable","Sealed","Wet","Raining","Daylight","Rear End","01","Driver Rider","1: PDO","Stop Sign","","",1327465.92,1667626.2,"13274661667626"
"2015-8475-27/05/2021","2 Metropolitan","MODBURY HEIGHTS","5092","CITY OF TEA TREE GULLY",2,0,0,0,0,2015,"July","Wednesday","09:05 am","060","Not Divided","Straight road","Level","Driveway or Entrance","Sealed","Wet","Not Raining","Daylight","Side Swipe","01","Driver Rider","1: PDO","No Control","","",1336792.43,1683387.75,"13367921683388"
"2015-8476-27/05/2021","2 Metropolitan","HAPPY VALLEY","5159","CITY OF ONKAPARINGA",2,2,0,0,2,2015,"July","Wednesday","03:50 pm","080","Cross Road","Straight road","Level","Not Applicable","Sealed","Wet","Raining","Daylight","Right Turn","02","Driver Rider","2: MI","Traffic Signals","","",1323043.84,1653631.42,"13230441653631"
"2015-8477-27/05/2021","2 Metropolitan","OAKLANDS PARK","5046","CC MARION.                    ",2,0,0,0,0,2015,"July","Wednesday","04:33 pm","060","Divided Road","Straight road","Level","Not Applicable","Sealed","Wet","Not Raining","Daylight","Rear End","02","Driver Rider","1: PDO","No Control","","",1323516.03,1660699.41,"13235161660699"
"2015-8478-27/05/2021","2 Metropolitan","OTTOWAY","5013","CITY OF PORT ADELAIDE ENFIELD",2,0,0,0,0,2015,"July","Wednesday","05:40 am","050","Cross Road","Straight road","Level","Not Applicable","Sealed","Wet","Not Raining","Night","Right Angle","01","Driver Rider","1: PDO","Roundabout","","",1323073.02,1679924.19,"13230731679924"
"2015-8479-27/05/2021","2 Metropolitan","UNDERDALE","5032","CITY OF WEST TORRENS",2,0,0,0,0,2015,"July","Wednesday","04:10 pm","050","Not Divided","Straight road","Level","Not Applicable","Sealed","Dry","Not Raining","Daylight","Side Swipe","02","Driver Rider","1: PDO","No Control","","",1324212.77,1671479.14,"13242131671479"
"2015-8480-27/05/2021","3 Country","HAYBOROUGH","5211","DC VICTOR HARBOR.             ",2,1,0,0,1,2015,"July","Wednesday","03:15 pm","060","Cross Road","Straight road","Level","Not Applicable","Sealed","Wet","Raining","Daylight","Right Angle","01","Driver Rider","2: MI","Give Way Sign","","",1329904.97,1602901.99,"13299051602902"
"2015-8481-27/05/2021","3 Country","MURRAY BRIDGE","5253","RC MURRAY BRIDGE.             ",2,0,0,0,0,2015,"July","Wednesday","05:15 pm","050","Not Divided","Straight road","Level","Driveway or Entrance","Sealed","Dry","Not Raining","Daylight","Side Swipe","01","Driver Rider","1: PDO","No Control","","",1389782.67,1646032.73,"13897831646033"
"2015-8482-27/05/2021","2 Metropolitan","WEST CROYDON","5008","CITY OF PORT ADELAIDE ENFIELD",3,1,0,0,1,2015,"July","Wednesday","04:10 pm","060","Divided Road","Straight road","Level","Not Applicable","Sealed","Dry","Not Raining","Daylight","Hit Parked Vehicle","01","Driver Rider","2: MI","No Control","","",1325221.61,1675447.02,"13252221675447"
"2015-8483-27/05/2021","2 Metropolitan","MCLAREN FLAT","5171","CITY OF ONKAPARINGA",2,2,0,1,1,2015,"July","Wednesday","01:00 pm","080","Not Divided","CURVED, VIEW OBSCURED","Level","Not Applicable","Sealed","Wet","Raining","Daylight","Hit Fixed Object","01","Driver Rider","3: SI","No Control","","Y",1329786.83,1640325.34,"13297871640325"
"2015-8484-27/05/2021","2 Metropolitan","CROYDON","5008","CITY OF CHARLES STURT",2,0,0,0,0,2015,"July","Tuesday","06:55 pm","060","Cross Road","CURVED, VIEW OPEN","Level","Not Applicable","Sealed","Wet","Raining","Night","Rear End","02","Driver Rider","1: PDO","Traffic Signals","","",1325517.03,1673428.59,"13255171673429"
"2015-8485-27/05/2021","3 Country","WILMINGTON","5485","DC MT.REMARKABLE.             ",3,0,0,0,0,2015,"July","Wednesday","04:00 pm","100","Not Divided","CURVED, VIEW OBSCURED","Slope","Bridge, Culvert, Causeway","Sealed","Wet","Raining","Daylight","Head On","02","Driver Rider","1: PDO","No Control","","",1286861.99,1923128.57,"12868621923129"
"2015-8486-27/05/2021","2 Metropolitan","TORRENSVILLE","5031","CITY OF WEST TORRENS",2,0,0,0,0,2015,"July","Wednesday","05:10 pm","060","Cross Road","Straight road","Level","Not Applicable","Sealed","Dry","Not Raining","Daylight","Right Angle","02","Driver Rider","1: PDO","Traffic Signals","","",1325747.12,1670981.61,"13257471670982"
"2015-8487-27/05/2021","2 Metropolitan","KERSBROOK","5231","THE ADELAIDE HILLS COUNCIL",2,0,0,0,0,2015,"July","Wednesday","05:15 pm","100","T-Junction","Straight road","Level","Not Applicable","Sealed","Wet","Raining","Daylight","Right Angle","01","Driver Rider","1: PDO","Stop Sign","","",1351626.3,1684092.25,"13516261684092"
"2015-8488-27/05/2021","2 Metropolitan","KLEMZIG","5087","CITY OF PORT ADELAIDE ENFIELD",2,0,0,0,0,2015,"July","Wednesday","05:45 pm","060","Not Divided","Straight road","Level","Driveway or Entrance","Sealed","Dry","Not Raining","Night","Right Turn","02","Driver Rider","1: PDO","No Control","","",1331713.19,1676183.16,"13317131676183"
"2015-8489-27/05/2021","2 Metropolitan","HEATHPOOL","5068","CC OF NORWOOD,PAYNEHAM & ST PETERS",2,0,0,0,0,2015,"July","Wednesday","04:33 pm","050","T-Junction","Straight road","Level","Not Applicable","Sealed","Wet","Not Raining","Daylight","Right Angle","01","Driver Rider","1: PDO","No Control","","",1333024.22,1670007.57,"13330241670008"
"2015-8490-27/05/2021","2 Metropolitan","KLEMZIG","5087","CITY OF PORT ADELAIDE ENFIELD",2,0,0,0,0,2015,"July","Wednesday","06:40 pm","060","Not Divided","Straight road","Level","Not Applicable","Sealed","Wet","Raining","Night","Rear End","01","Driver Rider","1: PDO","No Control","","",1331891.4,1675697.89,"13318911675698"
"2015-8491-27/05/2021","2 Metropolitan","GLENUNGA","5064","CITY OF BURNSIDE",2,1,0,0,1,2015,"July","Wednesday","05:40 pm","060","Not Divided","Straight road","Level","Not Applicable","Sealed","Wet","Raining","Night","Hit Parked Vehicle","01","Driver Rider","2: MI","No Control","","",1331702.37,1668039.15,"13317021668039"
"2015-8492-27/05/2021","2 Metropolitan","SALISBURY NORTH","5108","CITY OF SALISBURY",2,1,0,0,1,2015,"July","Wednesday","06:45 pm","060","Cross Road","Straight road","Level","Not Applicable","Sealed","Wet","Not Raining","Night","Rear End","02","Driver Rider","2: MI","Roundabout","","",1331787.93,1691010.35,"13317881691010"
"2015-8493-27/05/2021","2 Metropolitan","PROSPECT","5082","CITY OF PROSPECT",3,0,0,0,0,2015,"July","Wednesday","06:10 pm","060","Divided Road","Straight road","Slope","Not Applicable","Sealed","Dry","Not Raining","Night","Rear End","01","Driver Rider","1: PDO","No Control","","",1327132.59,1676397.73,"13271331676398"
"2015-8494-27/05/2021","2 Metropolitan","MODBURY","5092","CITY OF TEA TREE GULLY",2,0,0,0,0,2015,"July","Wednesday","03:35 pm","060","T-Junction","Straight road","Bottom of Hill","Roadworks","Sealed","Dry","Not Raining","Daylight","Rear End","02","Driver Rider","1: PDO","No Control","","",1336283.32,1681197.63,"13362831681198"
"2015-8495-27/05/2021","3 Country","PORT AUGUSTA","5700","CC PT.AUGUSTA.                ",2,0,0,0,0,2015,"July","Wednesday","06:55 pm","060","T-Junction","Straight road","Level","Not Applicable","Sealed","Wet","Raining","Night","Right Turn","02","Driver Rider","1: PDO","No Control","","",1260425.81,1941342.31,"12604261941342"
"2015-8496-27/05/2021","2 Metropolitan","ENFIELD","5085","CITY OF PORT ADELAIDE ENFIELD",3,0,0,0,0,2015,"July","Wednesday","03:30 pm","060","Divided Road","Straight road","Level","Not Applicable","Sealed","Dry","Not Raining","Daylight","Hit Parked Vehicle","01","Driver Rider","1: PDO","No Control","","",1328836.8,1677994.62,"13288371677995"
"2015-8497-27/05/2021","2 Metropolitan","GEPPS CROSS","5094","CITY OF PORT ADELAIDE ENFIELD",2,1,0,0,1,2015,"July","Wednesday","04:30 pm","060","Multiple","Straight road","Level","Not Applicable","Sealed","Dry","Not Raining","Daylight","Right Turn","02","Driver Rider","2: MI","Traffic Signals","","",1328810.92,1679280.6,"13288111679281"
"2015-8498-27/05/2021","2 Metropolitan","URRBRAE","5064","CC MITCHAM.                   ",2,0,0,0,0,2015,"July","Wednesday","08:05 pm","060","Cross Road","Straight road","Slope","Not Applicable","Sealed","Wet","Raining","Night","Right Turn","01","Driver Rider","1: PDO","Traffic Signals","","",1330786.88,1665600.37,"13307871665600"
"2015-8499-27/05/2021","3 Country","BORDERTOWN","5268","DC TATIARA.                   ",2,0,0,0,0,2015,"July","Friday","04:00 am","110","Not Divided","CURVED, VIEW OPEN","Level","Not Applicable","Sealed","Wet","Raining","Night","Hit Fixed Object","01","Driver Rider","1: PDO","No Control","","",1516272.71,1510919.46,"15162731510919"
"2015-8500-27/05/2021","2 Metropolitan","SALISBURY HEIGHTS","5109","CITY OF SALISBURY",2,0,0,0,0,2015,"July","Wednesday","09:00 pm","050","Not Divided","Straight road","Slope","Not Applicable","Sealed","Wet","Not Raining","Night","Hit Parked Vehicle","01","Driver Rider","1: PDO","No Control","","",1337002.12,1688438.88,"13370021688439"
"2015-8501-27/05/2021","2 Metropolitan","MARION","5043","CC MARION.                    ",2,0,0,0,0,2015,"July","Wednesday","05:00 pm","060","T-Junction","Straight road","Level","Not Applicable","Sealed","Wet","Not Raining","Daylight","Rear End","02","Driver Rider","1: PDO","Traffic Signals","","",1324375.43,1661874.99,"13243751661875"
"2015-8502-27/05/2021","1 City","ADELAIDE","5000","CITY OF ADELAIDE",2,0,0,0,0,2015,"July","Wednesday","01:30 am","050","Cross Road","Straight road","Level","Not Applicable","Sealed","Wet","Raining","Night","Hit Fixed Object","01","Driver Rider","1: PDO","Traffic Signals","","",1327977.06,1670816.13,"13279771670816"
"2015-8503-27/05/2021","2 Metropolitan","CRAFERS WEST","5152","THE ADELAIDE HILLS COUNCIL",3,0,0,0,0,2015,"July","Wednesday","10:45 pm","090","Freeway","Straight road","Slope","Not Applicable","Sealed","Wet","Not Raining","Night","Rear End","02","Driver Rider","1: PDO","No Control","","",1335964.25,1664165.33,"13359641664165"
"2015-8504-27/05/2021","2 Metropolitan","NAILSWORTH","5083","CITY OF PROSPECT",4,1,0,0,1,2015,"July","Wednesday","10:10 pm","050","T-Junction","CURVED, VIEW OBSCURED","Level","Not Applicable","Sealed","Dry","Not Raining","Night","Hit Fixed Object","01","Driver Rider","2: MI","No Control","","Y",1329684.32,1675774.67,"13296841675775"
"2015-8505-27/05/2021","3 Country","CURRENCY CREEK","5214","ALEXANDRINA COUNCIL",1,0,0,0,0,2015,"July","Tuesday","07:25 am","100","Not Divided","CURVED, VIEW OPEN","Level","Not Applicable","Sealed","Wet","Raining","Daylight","Left Road - Out of Control","01","Driver Rider","1: PDO","No Control","","",1337478.52,1613370.38,"13374791613370"
"2015-8506-27/05/2021","2 Metropolitan","HENLEY BEACH","5022","CITY OF CHARLES STURT",2,0,0,0,0,2015,"July","Wednesday","02:00 pm","050","T-Junction","Straight road","Level","Not Applicable","Sealed","Dry","Not Raining","Daylight","Right Angle","02","Driver Rider","1: PDO","No Control","","",1319344.55,1673033.81,"13193451673034"
"2015-8507-27/05/2021","2 Metropolitan","WATERLOO CORNER","5110","CITY OF SALISBURY",2,0,0,0,0,2015,"July","Thursday","06:45 am","090","Divided Road","Straight road","Level","Not Applicable","Sealed","Dry","Not Raining","Night","Rear End","02","Driver Rider","1: PDO","Traffic Signals","","",1327720.63,1691725.06,"13277211691725"
"2015-8508-27/05/2021","2 Metropolitan","MAWSON LAKES","5095","CITY OF SALISBURY",2,0,0,0,0,2015,"July","Monday","09:09 am","070","Not Divided","Straight road","Bottom of Hill","Not Applicable","Sealed","Wet","Not Raining","Daylight","Hit Fixed Object","01","Driver Rider","1: PDO","No Control","","",1328780.46,1683496.04,"13287801683496"
"2015-8509-27/05/2021","3 Country","MURRAY BRIDGE","5253","RC MURRAY BRIDGE.             ",3,0,0,0,0,2015,"July","Thursday","08:00 am","050","Not Divided","Straight road","Level","Not Applicable","Sealed","Dry","Not Raining","Daylight","Hit Parked Vehicle","01","Driver Rider","1: PDO","No Control","","",1387780.3,1646123.33,"13877801646123"
"2015-8510-27/05/2021","2 Metropolitan","SALISBURY PARK","5109","CITY OF SALISBURY",3,0,0,0,0,2015,"July","Thursday","08:30 am","080","Divided Road","Straight road","Level","Not Applicable","Sealed","Dry","Not Raining","Daylight","Rear End","01","Driver Rider","1: PDO","No Control","","",1335539.46,1688237.07,"13355391688237"
"2015-8511-27/05/2021","1 City","ADELAIDE","5000","CITY OF ADELAIDE",3,1,0,0,1,2015,"July","Thursday","07:20 am","050","Cross Road","Straight road","Level","Not Applicable","Sealed","Wet","Not Raining","Night","Right Turn","02","Driver Rider","2: MI","Traffic Signals","","",1329034.22,1670362.17,"13290341670362"
"2015-8512-27/05/2021","2 Metropolitan","GLENELG NORTH","5045","CITY OF HOLDFAST BAY",2,0,0,0,0,2015,"July","Thursday","09:20 am","050","Cross Road","Straight road","Level","Road hump or Slow point","Sealed","Dry","Not Raining","Daylight","Side Swipe","02","Driver Rider","1: PDO","Roundabout","","",1320786.48,1665315.19,"13207861665315"
"2015-8513-27/05/2021","2 Metropolitan","SMITHFIELD","5114","CITY OF PLAYFORD.",2,0,0,0,0,2015,"July","Thursday","09:15 am","050","T-Junction","Straight road","Level","Not Applicable","Sealed","Dry","Not Raining","Daylight","Right Angle","02","Driver Rider","1: PDO","No Control","","",1337526.67,1697026.77,"13375271697027"
"2015-8514-27/05/2021","2 Metropolitan","BOLIVAR","5110","CITY OF SALISBURY",2,1,0,0,1,2015,"July","Thursday","07:45 am","090","Divided Road","Straight road","Level","Not Applicable","Sealed","Dry","Not Raining","Daylight","Rear End","02","Driver Rider","2: MI","No Control","","",1328398.32,1688855.44,"13283981688855"
"2015-8515-27/05/2021","2 Metropolitan","LOCKLEYS","5032","CITY OF WEST TORRENS",2,0,0,0,0,2015,"July","Thursday","09:30 am","060","Divided Road","CURVED, VIEW OPEN","Level","Not Applicable","Sealed","Dry","Not Raining","Daylight","Hit Parked Vehicle","02","Driver Rider","1: PDO","No Control","","",1322703.07,1670651.4,"13227031670651"
"2015-8516-27/05/2021","3 Country","RENMARK","5341","DC RENMARK PARINGA            ",2,1,0,1,0,2015,"July","Thursday","11:45 am","060","Cross Road","Straight road","Level","Not Applicable","Sealed","Dry","Not Raining","Daylight","Right Turn","02","Driver Rider","3: SI","Give Way Sign","","",1527715.63,1744576.87,"15277161744577"
"2015-8517-27/05/2021","2 Metropolitan","FULHAM","5024","CITY OF WEST TORRENS",3,0,0,0,0,2015,"July","Thursday","11:35 am","060","Divided Road","Straight road","Level","Not Applicable","Sealed","Dry","Not Raining","Daylight","Rear End","01","Driver Rider","1: PDO","No Control","","",1320968.27,1670417.81,"13209681670418"
"2015-8518-27/05/2021","2 Metropolitan","STURT","5047","CC MARION.                    ",2,2,0,0,2,2015,"July","Thursday","11:13 am","060","Cross Road","Straight road","Level","Control Not Operational","Sealed","Dry","Not Raining","Daylight","Right Angle","02","Driver Rider","2: MI","Traffic Signals","","",1324418.54,1660680,"13244191660680"
"2015-8519-27/05/2021","2 Metropolitan","WAYVILLE","5034","CITY OF UNLEY",2,0,0,0,0,2015,"July","Wednesday","02:30 pm","040","Not Divided","Straight road","Level","Driveway or Entrance","Sealed","Dry","Not Raining","Daylight","Right Angle","02","Driver Rider","1: PDO","No Control","","",1328259.17,1668248.79,"13282591668249"
"2015-8520-27/05/2021","2 Metropolitan","HAWTHORNDENE","5051","CC MITCHAM.                   ",2,0,0,0,0,2015,"July","Thursday","01:00 pm","060","T-Junction","CURVED, VIEW OBSCURED","Level","Not Applicable","Sealed","Dry","Not Raining","Daylight","Right Angle","02","Driver Rider","1: PDO","Stop Sign","","",1330046.87,1659778.22,"13300471659778"
"2015-8521-27/05/2021","2 Metropolitan","INGLE FARM","5098","CITY OF SALISBURY",2,0,0,0,0,2015,"July","Wednesday","04:30 pm","060","T-Junction","Straight road","Slope","Not Applicable","Sealed","Dry","Not Raining","Daylight","Right Angle","02","Driver Rider","1: PDO","Traffic Signals","","",1333671.55,1681198.3,"13336721681198"
"2015-8522-27/05/2021","2 Metropolitan","STURT","5047","CC MARION.                    ",3,2,0,0,2,2015,"July","Wednesday","08:30 am","070","Divided Road","Straight road","Slope","Not Applicable","Sealed","Wet","Not Raining","Daylight","Rear End","01","Driver Rider","2: MI","No Control","","",1324298.01,1659549.24,"13242981659549"
"2015-8523-27/05/2021","2 Metropolitan","REID","5118","LIGHT REGIONAL COUNCIL",2,1,0,0,1,2015,"July","Wednesday","04:30 pm","060","T-Junction","Straight road","Level","Not Applicable","Sealed","Dry","Not Raining","Daylight","Right Angle","01","Driver Rider","2: MI","Stop Sign","","",1341169.99,1705769.65,"13411701705770"