"REPORT_ID","Stats Area","Suburb","Postcode","LGA Name","Total Units","Total Cas","Total Fats","Total SI","Total MI","Year","Month","Day","Time","Area Speed","Position Type","Horizontal Align","Vertical Align","Other Feat","Road Surface","Moisture Cond","Weather Cond","DayNight","Crash Type","Unit Resp","Entity Code","CSEF Severity","Traffic Ctrls","DUI Involved","Drugs Involved","ACCLOC_X","ACCLOC_Y","UNIQUE_LOC"
"2015-9094-27/05/2021","2 Metropolitan","GEPPS CROSS","5094","CITY OF PORT ADELAIDE ENFIELD",2,0,0,0,0,2015,"July","Thursday","06:30 pm","060","Multiple","Straight road","Level","Not Applicable","Sealed","Wet","Raining","Night","Rear End","02","Driver Rider","1: PDO","Traffic Signals","","",1328810.92,1679280.6,"13288111679281"
"2015-9095-27/05/2021","2 Metropolitan","MORPHETT VALE","5162","CITY OF ONKAPARINGA",2,0,0,0,0,2015,"July","Thursday","07:44 pm","060","Cross Road","Straight road","Slope","Not Applicable","Sealed","Wet","Not Raining","Night","Right Turn","02","Driver Rider","1: PDO","Give Way Sign","Y","",1320698.58,1649852.45,"13206991649852"
"2015-9096-27/05/2021","2 Metropolitan","GULFVIEW HEIGHTS","5096","CITY OF SALISBURY",3,0,0,0,0,2015,"July","Thursday","08:15 pm","060","T-Junction","Straight road","Level","Not Applicable","Sealed","Wet","Raining","Night","Rear End","02","Driver Rider","1: PDO","No Control","","",1334798.65,1685437.21,"13347991685437"
"2015-9097-27/05/2021","2 Metropolitan","ATHELSTONE","5076","CC CAMPBELLTOWN.              ",2,0,0,0,0,2015,"July","Thursday","08:30 pm","050","T-Junction","CURVED, VIEW OPEN","Slope","Not Applicable","Sealed","Dry","Not Raining","Night","Right Angle","01","Driver Rider","1: PDO","No Control","","",1338150.89,1676222.09,"13381511676222"
"2015-9098-27/05/2021","2 Metropolitan","DRY CREEK","5094","CITY OF PORT ADELAIDE ENFIELD",2,1,0,0,1,2015,"July","Thursday","08:30 pm","060","T-Junction","Straight road","Level","Not Applicable","Sealed","Wet","Not Raining","Night","Right Angle","01","Driver Rider","2: MI","No Control","","",1327273.38,1679362.04,"13272731679362"
"2015-9099-27/05/2021","2 Metropolitan","LEWISTON","5501","DC MALLALA.                   ",3,0,0,0,0,2015,"July","Thursday","10:15 pm","060","Not Divided","Straight road","Level","Driveway or Entrance","Unsealed","Wet","Raining","Night","Hit Fixed Object","01","Driver Rider","1: PDO","No Control","","",1326366.99,1703653.95,"13263671703654"
"2015-9100-27/05/2021","2 Metropolitan","PANORAMA","5041","CC MITCHAM.                   ",2,0,0,0,0,2015,"July","Friday","05:45 am","050","Not Divided","Straight road","Slope","Not Applicable","Sealed","Dry","Not Raining","Night","Hit Parked Vehicle","01","Driver Rider","1: PDO","No Control","","",1328210.15,1663085.13,"13282101663085"
"2015-9101-27/05/2021","2 Metropolitan","SALISBURY PLAIN","5109","CITY OF SALISBURY",1,0,0,0,0,2015,"July","Friday","05:55 am","050","Not Divided","Straight road","Level","Not Applicable","Sealed","Dry","Not Raining","Night","Roll Over","01","Driver Rider","1: PDO","No Control","","",1333904.22,1688043.99,"13339041688044"
"2015-9102-27/05/2021","2 Metropolitan","PARAFIELD GARDENS","5107","CITY OF SALISBURY",2,0,0,0,0,2015,"July","Thursday","02:20 pm","060","Divided Road","Straight road","Level","Not Applicable","Sealed","Dry","Not Raining","Daylight","Hit Fixed Object","01","Driver Rider","1: PDO","No Control","","",1330311.85,1685374.67,"13303121685375"
"2015-9103-27/05/2021","2 Metropolitan","NETLEY","5037","CITY OF WEST TORRENS",3,1,0,0,1,2015,"July","Thursday","02:20 pm","060","Divided Road","Straight road","Level","Not Applicable","Sealed","Dry","Not Raining","Daylight","Rear End","02","Driver Rider","2: MI","No Control","","",1324183.18,1668270.4,"13241831668270"
"2015-9104-27/05/2021","2 Metropolitan","MARDEN","5070","CC OF NORWOOD,PAYNEHAM & ST PETERS",3,0,0,0,0,2015,"July","Friday","06:45 am","060","T-Junction","Straight road","Level","Not Applicable","Sealed","Dry","Not Raining","Night","Rear End","01","Driver Rider","1: PDO","Traffic Signals","","",1332497.88,1673947.45,"13324981673947"
"2015-9105-27/05/2021","2 Metropolitan","FERRYDEN PARK","5010","CITY OF PORT ADELAIDE ENFIELD",2,1,0,0,1,2015,"July","Tuesday","07:55 am","050","Cross Road","Straight road","Level","Not Applicable","Sealed","Wet","Not Raining","Daylight","Right Angle","02","Driver Rider","2: MI","Roundabout","","",1325248.15,1676758.53,"13252481676759"
"2015-9106-27/05/2021","2 Metropolitan","FELIXSTOW","5070","CC OF NORWOOD,PAYNEHAM & ST PETERS",2,0,0,0,0,2015,"July","Friday","08:35 am","060","Divided Road","Straight road","Level","Unknown","Sealed","Dry","Not Raining","Daylight","Side Swipe","02","Driver Rider","1: PDO","No Control","","",1333675.28,1674465.48,"13336751674465"
"2015-9107-27/05/2021","3 Country","MURRAY BRIDGE","5253","RC MURRAY BRIDGE.             ",2,0,0,0,0,2015,"July","Friday","08:20 am","050","Not Divided","Straight road","Level","Not Applicable","Sealed","Dry","Not Raining","Daylight","Hit Parked Vehicle","01","Driver Rider","1: PDO","No Control","","",1386811.58,1645358.38,"13868121645358"
"2015-9108-27/05/2021","2 Metropolitan","MOUNT BARKER","5251","DC MT.BARKER.                 ",2,0,0,0,0,2015,"July","Friday","09:30 am","060","Cross Road","Straight road","Level","Not Applicable","Sealed","Dry","Not Raining","Daylight","Right Angle","02","Driver Rider","1: PDO","Give Way Sign","","",1352235.68,1652736.58,"13522361652737"
"2015-9109-27/05/2021","2 Metropolitan","PORT WILLUNGA","5173","CITY OF ONKAPARINGA",2,0,0,0,0,2015,"July","Thursday","01:45 pm","050","Not Divided","Straight road","Level","Driveway or Entrance","Sealed","Dry","Not Raining","Daylight","Right Angle","02","Driver Rider","1: PDO","No Control","","",1314429.72,1633118.14,"13144301633118"
"2015-9110-27/05/2021","1 City","ADELAIDE","5000","CITY OF ADELAIDE",2,1,0,0,1,2015,"July","Friday","10:20 am","050","Divided Road","Straight road","Level","Median Opening (not at I/S)","Sealed","Dry","Not Raining","Daylight","Side Swipe","02","Driver Rider","2: MI","No Control","","",1329377.57,1670372.08,"13293781670372"
"2015-9111-27/05/2021","2 Metropolitan","WESTBOURNE PARK","5041","CC MITCHAM.                   ",3,0,0,0,0,2015,"July","Friday","09:00 am","060","T-Junction","Straight road","Level","Not Applicable","Sealed","Dry","Not Raining","Daylight","Right Turn","01","Driver Rider","1: PDO","No Control","","",1327526.46,1665567.22,"13275261665567"
"2015-9112-27/05/2021","2 Metropolitan","MODBURY","5092","CITY OF TEA TREE GULLY",2,4,0,0,4,2015,"July","Friday","08:55 am","060","T-Junction","Straight road","Level","Not Applicable","Sealed","Dry","Not Raining","Daylight","Right Angle","02","Driver Rider","2: MI","Stop Sign","","",1336900.35,1680030.92,"13369001680031"
"2015-9113-27/05/2021","2 Metropolitan","BLAKEVIEW","5114","CITY OF PLAYFORD.",2,0,0,0,0,2015,"July","Friday","12:00 pm","060","Not Divided","Straight road","Level","Not Applicable","Sealed","Dry","Not Raining","Daylight","Rear End","02","Driver Rider","1: PDO","No Control","","",1337758.15,1696586.72,"13377581696587"
"2015-9114-27/05/2021","2 Metropolitan","KILBURN","5084","CITY OF PORT ADELAIDE ENFIELD",3,0,0,0,0,2015,"July","Thursday","08:50 am","050","Not Divided","Straight road","Level","Not Applicable","Sealed","Dry","Not Raining","Daylight","Head On","01","Driver Rider","1: PDO","No Control","","",1327364.09,1677275.26,"13273641677275"
"2015-9115-27/05/2021","2 Metropolitan","SEAFORD RISE","5169","CITY OF ONKAPARINGA",2,0,0,0,0,2015,"July","Thursday","05:55 pm","070","Divided Road","Straight road","Level","Not Applicable","Sealed","Wet","Not Raining","Night","Rear End","02","Driver Rider","1: PDO","No Control","","",1316410.49,1640625.64,"13164101640626"
"2015-9116-27/05/2021","2 Metropolitan","MODBURY","5092","CITY OF TEA TREE GULLY",2,1,0,0,1,2015,"July","Friday","09:10 am","060","T-Junction","Straight road","Level","Not Applicable","Sealed","Dry","Not Raining","Daylight","Right Turn","01","Driver Rider","2: MI","Traffic Signals","","",1337309.47,1681192.91,"13373091681193"
"2015-9117-27/05/2021","2 Metropolitan","HENLEY BEACH","5022","CITY OF CHARLES STURT",3,1,0,0,1,2015,"July","Friday","12:35 pm","040","Not Divided","Straight road","Level","Median Opening (not at I/S)","Sealed","Dry","Not Raining","Daylight","Hit Parked Vehicle","01","Driver Rider","2: MI","No Control","","",1318932.7,1671667.29,"13189331671667"
"2015-9118-27/05/2021","2 Metropolitan","LOCKLEYS","5032","CITY OF WEST TORRENS",2,1,0,0,1,2015,"July","Friday","08:20 am","050","T-Junction","Straight road","Level","Not Applicable","Sealed","Dry","Not Raining","Daylight","Side Swipe","01","Driver Rider","2: MI","No Control","","",1321701.07,1671396.72,"13217011671397"
"2015-9119-27/05/2021","3 Country","GLOSSOP","5344","THE BERRI BARMERA COUNCIL",2,2,0,0,2,2015,"July","Friday","01:55 pm","060","T-Junction","Straight road","Level","Driveway or Entrance","Sealed","Dry","Not Raining","Daylight","Right Turn","02","Driver Rider","2: MI","No Control","","",1508181.64,1735701.16,"15081821735701"
"2015-9120-27/05/2021","2 Metropolitan","SALISBURY PLAIN","5109","CITY OF SALISBURY",2,0,0,0,0,2015,"July","Friday","02:00 pm","060","Cross Road","Straight road","Level","Not Applicable","Sealed","Dry","Not Raining","Daylight","Rear End","02","Driver Rider","1: PDO","Roundabout","","",1333807.7,1687916.19,"13338081687916"
"2015-9121-27/05/2021","2 Metropolitan","CAMPBELLTOWN","5074","CC CAMPBELLTOWN.              ",2,0,0,0,0,2015,"July","Friday","01:20 pm","060","T-Junction","Straight road","Level","Not Applicable","Sealed","Dry","Not Raining","Daylight","Right Angle","01","Driver Rider","1: PDO","No Control","","",1333611.42,1675934.69,"13336111675935"
"2015-9122-27/05/2021","2 Metropolitan","HINDMARSH","5007","CITY OF CHARLES STURT",2,0,0,0,0,2015,"July","Friday","12:15 pm","050","Not Divided","Straight road","Level","Driveway or Entrance","Sealed","Dry","Not Raining","Daylight","Hit Parked Vehicle","01","Driver Rider","1: PDO","No Control","","",1325593.46,1673548.63,"13255931673549"
"2015-9123-27/05/2021","2 Metropolitan","SEMAPHORE SOUTH","5019","CITY OF PORT ADELAIDE ENFIELD",2,2,0,0,2,2015,"July","Friday","02:10 pm","050","T-Junction","Straight road","Slope","Not Applicable","Sealed","Dry","Not Raining","Daylight","Hit Fixed Object","01","Driver Rider","2: MI","No Control","","",1317548.8,1679412.92,"13175491679413"
"2015-9124-27/05/2021","2 Metropolitan","ALLENBY GARDENS","5009","CITY OF CHARLES STURT",2,1,0,0,1,2015,"July","Friday","02:00 pm","060","Divided Road","Straight road","Level","Not Applicable","Sealed","Dry","Not Raining","Daylight","Rear End","02","Driver Rider","2: MI","No Control","","",1324182.14,1674580.55,"13241821674581"
"2015-9125-27/05/2021","3 Country","WIGLEY FLAT","5330","LOXTON WAIKERIE DISTRICT COUNCIL",2,0,0,0,0,2015,"July","Friday","10:00 am","110","Not Divided","Straight road","Level","Not Applicable","Sealed","Dry","Not Raining","Daylight","Hit Fixed Object","09","Other","1: PDO","No Control","","",1486412.13,1745265.32,"14864121745265"
"2015-9126-27/05/2021","2 Metropolitan","MODBURY","5092","CITY OF TEA TREE GULLY",2,0,0,0,0,2015,"July","Friday","02:40 pm","060","Not Divided","Straight road","Level","Driveway or Entrance","Sealed","Dry","Not Raining","Daylight","Right Angle","02","Driver Rider","1: PDO","No Control","","",1336865.71,1680999.8,"13368661681000"
"2015-9127-27/05/2021","2 Metropolitan","ROYAL PARK","5014","CITY OF CHARLES STURT",2,0,0,0,0,2015,"July","Friday","03:00 pm","060","Cross Road","Straight road","Level","Not Applicable","Sealed","Dry","Not Raining","Daylight","Rear End","02","Driver Rider","1: PDO","Traffic Signals","","",1320686.56,1677665.91,"13206871677666"
"2015-9128-27/05/2021","2 Metropolitan","MUNNO PARA","5115","CITY OF PLAYFORD.",3,2,0,0,2,2015,"July","Friday","03:35 pm","060","Rail Crossing","Straight road","Level","Not Applicable","Sealed","Dry","Not Raining","Daylight","Rear End","01","Driver Rider","2: MI","Rail Xing - Boom","","",1337850.36,1697935.44,"13378501697935"
"2015-9129-27/05/2021","3 Country","RENMARK WEST","5341","DC RENMARK PARINGA            ",2,0,0,0,0,2015,"July","Friday","04:45 pm","080","Cross Road","Straight road","Level","Not Applicable","Sealed","Dry","Not Raining","Daylight","Right Angle","02","Driver Rider","1: PDO","Roundabout","","",1526899.98,1745592.15,"15269001745592"
"2015-9130-27/05/2021","2 Metropolitan","SOUTH PLYMPTON","5038","CC MARION.                    ",3,1,0,0,1,2015,"July","Thursday","05:50 pm","060","Divided Road","Straight road","Level","Not Applicable","Sealed","Dry","Not Raining","Night","Rear End","02","Driver Rider","2: MI","No Control","","",1324278.83,1665157.86,"13242791665158"
"2015-9131-27/05/2021","2 Metropolitan","SMITHFIELD","5114","CITY OF PLAYFORD.",4,1,0,0,1,2015,"July","Friday","06:00 pm","080","Divided Road","Straight road","Level","Not Applicable","Sealed","Dry","Not Raining","Night","Rear End","01","Driver Rider","2: MI","No Control","","",1337556.69,1696555.85,"13375571696556"
"2015-9132-27/05/2021","3 Country","BLYTH","5462","WAKEFIELD REGIONAL COUNCIL",1,1,0,0,1,2015,"July","Friday","03:30 pm","110","Not Divided","Straight road","Level","Not Applicable","Sealed","Dry","Not Raining","Daylight","Left Road - Out of Control","01","Driver Rider","2: MI","No Control","","",1316245.06,1791292.37,"13162451791292"
"2015-9133-27/05/2021","2 Metropolitan","BLACKWOOD","5051","CC MITCHAM.                   ",3,0,0,0,0,2015,"July","Friday","04:15 pm","050","Cross Road","Straight road","Level","Not Applicable","Sealed","Dry","Not Raining","Daylight","Rear End","01","Driver Rider","1: PDO","Give Way Sign","","",1329190.88,1660034.87,"13291911660035"
"2015-9134-27/05/2021","2 Metropolitan","DAVOREN PARK","5113","CITY OF PLAYFORD.",4,2,0,0,2,2015,"July","Friday","04:21 pm","060","Not Divided","CURVED, VIEW OPEN","Level","Not Applicable","Sealed","Dry","Not Raining","Daylight","Head On","02","Driver Rider","2: MI","No Control","","",1335662.81,1695684.03,"13356631695684"
"2015-9135-27/05/2021","2 Metropolitan","PROSPECT","5082","CITY OF PROSPECT",2,0,0,0,0,2015,"July","Friday","02:45 pm","050","T-Junction","Straight road","Level","Not Applicable","Sealed","Dry","Not Raining","Daylight","Hit Fixed Object","01","Driver Rider","1: PDO","No Control","","",1328633.93,1676715.83,"13286341676716"
"2015-9136-27/05/2021","2 Metropolitan","HUNTFIELD HEIGHTS","5163","CITY OF ONKAPARINGA",2,1,0,0,1,2015,"July","Friday","07:20 pm","060","T-Junction","Straight road","Slope","Not Applicable","Sealed","Dry","Not Raining","Night","Right Turn","02","Driver Rider","2: MI","Traffic Signals","","Y",1320864.95,1646550.7,"13208651646551"
"2015-9137-27/05/2021","2 Metropolitan","FELIXSTOW","5070","CC OF NORWOOD,PAYNEHAM & ST PETERS",2,0,0,0,0,2015,"July","Friday","03:40 pm","060","T-Junction","Straight road","Level","Not Applicable","Sealed","Dry","Not Raining","Daylight","Right Angle","01","Driver Rider","1: PDO","No Control","","",1332333.31,1674280.97,"13323331674281"
"2015-9138-27/05/2021","2 Metropolitan","SOUTH PLYMPTON","5038","CC MARION.                    ",2,1,0,1,0,2015,"July","Monday","04:20 pm","060","Cross Road","Straight road","Level","Not Applicable","Sealed","Dry","Not Raining","Daylight","Hit Pedestrian","01","Driver Rider","3: SI","Traffic Signals","","",1324280.93,1665104.48,"13242811665104"
"2015-9139-27/05/2021","2 Metropolitan","DRY CREEK","5094","CITY OF PORT ADELAIDE ENFIELD",2,0,0,0,0,2015,"July","Friday","04:10 pm","060","T-Junction","Straight road","Level","Driveway or Entrance","Sealed","Dry","Not Raining","Daylight","Right Angle","01","Driver Rider","1: PDO","No Control","","",1327286.31,1679348.8,"13272861679349"
"2015-9140-27/05/2021","2 Metropolitan","LONSDALE","5160","CITY OF ONKAPARINGA",2,0,0,0,0,2015,"July","Friday","07:00 am","080","T-Junction","Straight road","Level","Not Applicable","Sealed","Wet","Not Raining","Night","Right Angle","02","Driver Rider","1: PDO","No Control","","",1318259.41,1650567.65,"13182591650568"
"2015-9141-27/05/2021","2 Metropolitan","ST MARYS","5042","CC MITCHAM.                   ",2,0,0,0,0,2015,"July","Thursday","10:15 pm","060","Divided Road","Straight road","Level","Not Applicable","Sealed","Dry","Not Raining","Night","Rear End","02","Driver Rider","1: PDO","No Control","","",1326008.76,1661690.2,"13260091661690"
"2015-9142-27/05/2021","1 City","ADELAIDE","5000","CITY OF ADELAIDE",2,0,0,0,0,2015,"July","Friday","09:30 pm","050","Cross Road","Straight road","Slope","Not Applicable","Sealed","Dry","Not Raining","Night","Right Angle","02","Driver Rider","1: PDO","Traffic Signals","","",1327860.32,1670813.48,"13278601670813"
"2015-9143-27/05/2021","2 Metropolitan","PAYNEHAM","5070","CC OF NORWOOD,PAYNEHAM & ST PETERS",2,1,0,0,1,2015,"July","Friday","05:00 pm","060","Cross Road","Straight road","Level","Not Applicable","Sealed","Dry","Not Raining","Daylight","Right Turn","02","Driver Rider","2: MI","Traffic Signals","","",1332176.1,1673782.43,"13321761673782"
"2015-9144-27/05/2021","2 Metropolitan","BEDFORD PARK","5042","CC MITCHAM.                   ",2,1,0,0,1,2015,"July","Thursday","09:55 pm","060","Cross Road","Straight road","Bottom of Hill","Not Applicable","Sealed","Dry","Not Raining","Night","Right Turn","01","Driver Rider","2: MI","Traffic Signals","","",1325415.07,1660698.62,"13254151660699"
"2015-9145-27/05/2021","2 Metropolitan","BALHANNAH","5242","THE ADELAIDE HILLS COUNCIL",2,1,0,0,1,2015,"July","Friday","06:35 pm","060","T-Junction","Straight road","Level","Not Applicable","Sealed","Dry","Not Raining","Night","Rear End","01","Driver Rider","2: MI","Give Way Sign","","",1348528.38,1662478.03,"13485281662478"
"2015-9146-27/05/2021","3 Country","MOUNT GAMBIER","5290","CC MT.GAMBIER.                ",2,0,0,0,0,2015,"July","Friday","06:00 pm","050","Cross Road","Straight road","Level","Driveway or Entrance","Sealed","Dry","Not Raining","Night","Rear End","02","Driver Rider","1: PDO","Give Way Sign","","",1510511.02,1340007.72,"15105111340008"
"2015-9147-27/05/2021","2 Metropolitan","SURREY DOWNS","5126","CITY OF TEA TREE GULLY",2,0,0,0,0,2015,"July","Friday","10:15 pm","060","Not Divided","Straight road","Level","Not Applicable","Sealed","Dry","Not Raining","Night","Hit Fixed Object","01","Driver Rider","1: PDO","No Control","Y","",1338966.75,1683591.89,"13389671683592"
"2015-9148-27/05/2021","2 Metropolitan","MODBURY NORTH","5092","CITY OF TEA TREE GULLY",2,1,0,0,1,2015,"July","Friday","09:30 pm","060","Not Divided","CURVED, VIEW OPEN","Slope","Not Applicable","Sealed","Dry","Not Raining","Night","Hit Fixed Object","01","Driver Rider","2: MI","No Control","","",1336671.06,1681481.19,"13366711681481"
"2015-9149-27/05/2021","3 Country","SEDAN","5353","MID MURRAY DISTRICT COUNCIL",1,0,0,0,0,2015,"July","Friday","12:10 pm","080","Not Divided","CURVED, VIEW OBSCURED","Slope","Bridge, Culvert, Causeway","Unsealed","Dry","Not Raining","Daylight","Roll Over","01","Driver Rider","1: PDO","No Control","","",1389536.84,1709259.68,"13895371709260"
"2015-9150-27/05/2021","2 Metropolitan","REGENCY PARK","5010","CITY OF PORT ADELAIDE ENFIELD",2,0,0,0,0,2015,"July","Friday","04:10 pm","060","Divided Road","Straight road","Slope","Bridge, Culvert, Causeway","Sealed","Dry","Not Raining","Daylight","Side Swipe","01","Driver Rider","1: PDO","No Control","","",1326812.55,1679175.96,"13268131679176"
"2015-9151-27/05/2021","2 Metropolitan","TORRENSVILLE","5031","CITY OF WEST TORRENS",2,0,0,0,0,2015,"July","Friday","12:40 pm","050","Not Divided","Straight road","Level","Not Applicable","Sealed","Wet","Not Raining","Daylight","Hit Fixed Object","01","Driver Rider","1: PDO","No Control","Y","",1325401.91,1671120.1,"13254021671120"
"2015-9152-27/05/2021","2 Metropolitan","PAYNEHAM SOUTH","5070","CC OF NORWOOD,PAYNEHAM & ST PETERS",3,0,0,0,0,2015,"August","Saturday","04:00 am","050","Not Divided","Straight road","Level","Not Applicable","Sealed","Wet","Raining","Night","Hit Parked Vehicle","01","Driver Rider","1: PDO","No Control","","",1332906.37,1672723.3,"13329061672723"
"2015-9153-27/05/2021","2 Metropolitan","HENDON","5014","CITY OF CHARLES STURT",3,0,0,0,0,2015,"August","Saturday","08:00 am","050","Not Divided","Straight road","Level","Not Applicable","Sealed","Wet","Not Raining","Daylight","Hit Parked Vehicle","02","Driver Rider","1: PDO","No Control","","",1320984.85,1676447.54,"13209851676448"
"2015-9154-27/05/2021","2 Metropolitan","FULHAM GARDENS","5024","CITY OF CHARLES STURT",2,0,0,0,0,2015,"July","Friday","01:00 pm","060","Cross Road","Straight road","Level","Not Applicable","Sealed","Dry","Not Raining","Daylight","Rear End","02","Driver Rider","1: PDO","Traffic Signals","","",1320649.93,1672375.82,"13206501672376"
"2015-9155-27/05/2021","3 Country","LOXTON","5333","LOXTON WAIKERIE DISTRICT COUNCIL",2,0,0,0,0,2015,"August","Saturday","07:20 am","110","T-Junction","Straight road","Level","Not Applicable","Sealed","Wet","Raining","Daylight","Hit Fixed Object","01","Driver Rider","1: PDO","Give Way Sign","","",1507609.84,1714419.9,"15076101714420"
"2015-9156-27/05/2021","2 Metropolitan","SALISBURY PLAIN","5109","CITY OF SALISBURY",2,0,0,0,0,2015,"August","Saturday","09:30 am","080","Cross Road","Straight road","Level","Not Applicable","Sealed","Wet","Raining","Daylight","Side Swipe","01","Driver Rider","1: PDO","Traffic Signals","","",1335434.47,1688134.74,"13354341688135"
"2015-9157-27/05/2021","2 Metropolitan","ALBERT PARK","5014","CITY OF CHARLES STURT",2,0,0,0,0,2015,"July","Friday","04:50 pm","060","Not Divided","CURVED, VIEW OPEN","Level","Not Applicable","Sealed","Dry","Not Raining","Daylight","Hit Fixed Object","01","Driver Rider","1: PDO","No Control","","",1322054,1676235.98,"13220541676236"
"2015-9158-27/05/2021","2 Metropolitan","MAWSON LAKES","5095","CITY OF SALISBURY",2,0,0,0,0,2015,"August","Saturday","10:05 am","050","Cross Road","Straight road","Level","Not Applicable","Sealed","Wet","Raining","Daylight","Right Angle","02","Driver Rider","1: PDO","Give Way Sign","","",1330475.76,1683532.38,"13304761683532"
"2015-9159-27/05/2021","2 Metropolitan","CAMPBELLTOWN","5074","CC CAMPBELLTOWN.              ",2,0,0,0,0,2015,"July","Friday","08:45 am","050","T-Junction","Straight road","Slope","Roadworks","Sealed","Dry","Not Raining","Daylight","Right Angle","01","Driver Rider","1: PDO","No Control","","",1334260.13,1675211.32,"13342601675211"
"2015-9160-27/05/2021","3 Country","CALLINGTON","5254","RC MURRAY BRIDGE.             ",2,1,0,1,0,2015,"August","Saturday","06:50 am","100","Not Divided","Straight road","Level","Not Applicable","Sealed","Wet","Raining","Night","Rear End","01","Driver Rider","3: SI","No Control","","",1368554.02,1648905.19,"13685541648905"
"2015-9161-27/05/2021","2 Metropolitan","WEST LAKES","5021","CITY OF CHARLES STURT",2,0,0,0,0,2015,"August","Saturday","12:32 pm","060","Cross Road","Straight road","Level","Not Applicable","Sealed","Wet","Raining","Daylight","Right Turn","01","Driver Rider","1: PDO","Traffic Signals","","",1319884.21,1676043.55,"13198841676044"
"2015-9162-27/05/2021","2 Metropolitan","ELIZABETH SOUTH","5112","CITY OF PLAYFORD.",3,1,0,0,1,2015,"August","Saturday","10:00 am","060","Cross Road","Straight road","Level","Not Applicable","Sealed","Wet","Raining","Daylight","Right Angle","01","Driver Rider","2: MI","Traffic Signals","","",1334568.88,1691271.22,"13345691691271"
"2015-9163-27/05/2021","2 Metropolitan","BURTON","5110","CITY OF SALISBURY",2,0,0,0,0,2015,"August","Saturday","06:00 am","050","Not Divided","Straight road","Level","Not Applicable","Sealed","Wet","Raining","Night","Hit Fixed Object","01","Driver Rider","1: PDO","No Control","","",1330361.59,1691081.87,"13303621691082"
"2015-9164-27/05/2021","3 Country","PORT PIRIE","5540","PT.PIRIE CITY & DIST. COUNCIL ",2,1,0,0,1,2015,"August","Saturday","12:02 pm","050","Cross Road","Straight road","Level","Not Applicable","Sealed","Dry","Not Raining","Daylight","Right Angle","02","Driver Rider","2: MI","Give Way Sign","","",1279922.32,1866065.47,"12799221866065"
"2015-9165-27/05/2021","2 Metropolitan","WOODSIDE","5244","THE ADELAIDE HILLS COUNCIL",2,1,0,1,0,2015,"August","Saturday","10:35 am","080","Cross Road","Straight road","Level","Not Applicable","Sealed","Wet","Raining","Daylight","Right Angle","01","Driver Rider","3: SI","Stop Sign","","",1354164.33,1665389.92,"13541641665390"
"2015-9166-27/05/2021","2 Metropolitan","WINGFIELD","5013","CITY OF PORT ADELAIDE ENFIELD",2,1,0,0,1,2015,"August","Saturday","10:30 am","060","T-Junction","Straight road","Level","Not Applicable","Sealed","Wet","Raining","Daylight","Right Angle","02","Driver Rider","2: MI","No Control","","",1324703.44,1679182.3,"13247031679182"
"2015-9167-27/05/2021","3 Country","KORUNYE","5502","DC MALLALA.                   ",2,0,0,0,0,2015,"July","Friday","11:45 pm","100","Not Divided","Straight road","Level","Not Applicable","Unsealed","Dry","Not Raining","Night","Hit Fixed Object","01","Driver Rider","1: PDO","No Control","","",1325623.18,1711532.73,"13256231711533"
"2015-9168-27/05/2021","2 Metropolitan","FITZROY","5082","CITY OF PROSPECT",3,0,0,0,0,2015,"August","Saturday","09:30 am","060","Divided Road","Straight road","Level","Not Applicable","Sealed","Wet","Raining","Daylight","Rear End","01","Driver Rider","1: PDO","No Control","","",1327763.66,1673660.72,"13277641673661"
"2015-9169-27/05/2021","3 Country","RISDON PARK SOUTH","5540","PT.PIRIE CITY & DIST. COUNCIL ",3,0,0,0,0,2015,"August","Saturday","12:50 pm","050","Cross Road","Straight road","Level","Not Applicable","Sealed","Wet","Raining","Daylight","Right Turn","02","Driver Rider","1: PDO","Give Way Sign","","",1278833.64,1862926.74,"12788341862927"
"2015-9170-27/05/2021","1 City","ADELAIDE","5000","CITY OF ADELAIDE",2,0,0,0,0,2015,"August","Saturday","07:00 am","050","Not Divided","Straight road","Level","Not Applicable","Sealed","Wet","Raining","Night","Hit Fixed Object","01","Driver Rider","1: PDO","No Control","","",1327651.48,1670010.04,"13276511670010"
"2015-9171-27/05/2021","2 Metropolitan","ROSE PARK","5067","CITY OF BURNSIDE",2,0,0,0,0,2015,"July","Friday","01:20 pm","060","T-Junction","Straight road","Level","Not Applicable","Sealed","Dry","Not Raining","Daylight","Rear End","01","Driver Rider","1: PDO","No Control","","",1330649.59,1669983.29,"13306501669983"
"2015-9172-27/05/2021","2 Metropolitan","SALISBURY HEIGHTS","5109","CITY OF SALISBURY",2,0,0,0,0,2015,"July","Thursday","07:30 pm","060","Divided Road","Straight road","Level","Not Applicable","Sealed","Wet","Not Raining","Night","Rear End","02","Driver Rider","1: PDO","No Control","","",1335529.12,1688071.77,"13355291688072"
"2015-9173-27/05/2021","2 Metropolitan","PAYNEHAM","5070","CC OF NORWOOD,PAYNEHAM & ST PETERS",2,0,0,0,0,2015,"July","Friday","02:30 pm","060","Cross Road","Straight road","Level","Not Applicable","Sealed","Wet","Not Raining","Daylight","Rear End","02","Driver Rider","1: PDO","Traffic Signals","","",1332162.99,1673774.81,"13321631673775"
"2015-9174-27/05/2021","3 Country","CLARE","5453","CLARE AND GILBERT VALLEYS DISTRICT COUNCIL",2,0,0,0,0,2015,"August","Saturday","03:00 am","050","T-Junction","Straight road","Slope","Not Applicable","Sealed","Wet","Raining","Night","Hit Fixed Object","01","Driver Rider","1: PDO","No Control","","",1334081.9,1790131.76,"13340821790132"