"REPORT_ID","Stats Area","Suburb","Postcode","LGA Name","Total Units","Total Cas","Total Fats","Total SI","Total MI","Year","Month","Day","Time","Area Speed","Position Type","Horizontal Align","Vertical Align","Other Feat","Road Surface","Moisture Cond","Weather Cond","DayNight","Crash Type","Unit Resp","Entity Code","CSEF Severity","Traffic Ctrls","DUI Involved","Drugs Involved","ACCLOC_X","ACCLOC_Y","UNIQUE_LOC"
"2015-12549-27/05/2021","2 Metropolitan","PROSPECT","5082","CITY OF PROSPECT",2,0,0,0,0,2015,"October","Friday","08:24 pm","060","Divided Road","Straight road","Level","Not Applicable","Sealed","Dry","Not Raining","Night","Rear End","01","Driver Rider","1: PDO","No Control","","",1328116.46,1676424.75,"13281161676425"
"2015-12550-27/05/2021","2 Metropolitan","SALISBURY PLAIN","5109","CITY OF SALISBURY",2,0,0,0,0,2015,"October","Friday","08:00 pm","050","T-Junction","Straight road","Level","Not Applicable","Sealed","Dry","Not Raining","Night","Hit Fixed Object","01","Driver Rider","1: PDO","No Control","","",1334711.48,1687630.14,"13347111687630"
"2015-12551-27/05/2021","2 Metropolitan","UNLEY PARK","5061","CITY OF UNLEY",2,0,0,0,0,2015,"October","Friday","11:01 pm","060","Not Divided","Straight road","Level","Not Applicable","Sealed","Dry","Not Raining","Night","Hit Parked Vehicle","01","Driver Rider","1: PDO","No Control","Y","",1329127.61,1666631.69,"13291281666632"
"2015-12552-27/05/2021","2 Metropolitan","FULHAM GARDENS","5024","CITY OF CHARLES STURT",2,1,0,0,1,2015,"October","Saturday","05:30 am","060","Divided Road","Straight road","Level","Not Applicable","Sealed","Dry","Not Raining","Night","Hit Fixed Object","01","Driver Rider","2: MI","No Control","","",1320622.27,1672227.4,"13206221672227"
"2015-12553-27/05/2021","2 Metropolitan","NOARLUNGA DOWNS","5168","CITY OF ONKAPARINGA",2,0,0,0,0,2015,"October","Saturday","07:45 am","060","T-Junction","CURVED, VIEW OPEN","Level","Not Applicable","Sealed","Dry","Not Raining","Daylight","Right Turn","01","Driver Rider","1: PDO","Traffic Signals","","",1318540.35,1646724.69,"13185401646725"
"2015-12554-27/05/2021","2 Metropolitan","SEATON","5023","CITY OF CHARLES STURT",2,0,0,0,0,2015,"October","Saturday","07:40 am","060","Divided Road","Straight road","Level","Not Applicable","Sealed","Dry","Not Raining","Daylight","Rear End","02","Driver Rider","1: PDO","No Control","","",1320741.49,1675044.08,"13207411675044"
"2015-12555-27/05/2021","3 Country","MANNUM","5238","MID MURRAY DISTRICT COUNCIL",2,0,0,0,0,2015,"October","Friday","01:00 am","050","Not Divided","Straight road","Level","Not Applicable","Sealed","Dry","Not Raining","Night","Hit Parked Vehicle","01","Driver Rider","1: PDO","No Control","","",1393525.32,1670354.21,"13935251670354"
"2015-12556-27/05/2021","2 Metropolitan","NEWTON","5074","CC CAMPBELLTOWN.              ",2,1,0,0,1,2015,"October","Friday","08:40 pm","050","Not Divided","Straight road","Level","Not Applicable","Sealed","Dry","Not Raining","Night","Hit Parked Vehicle","02","Driver Rider","2: MI","No Control","","",1336397.28,1674831.66,"13363971674832"
"2015-12557-27/05/2021","2 Metropolitan","GLANVILLE","5015","CITY OF PORT ADELAIDE ENFIELD",2,0,0,0,0,2015,"October","Saturday","08:45 am","060","Cross Road","Straight road","Level","Not Applicable","Sealed","Dry","Not Raining","Daylight","Right Angle","01","Driver Rider","1: PDO","Stop Sign","","",1318878.1,1679819.83,"13188781679820"
"2015-12558-27/05/2021","3 Country","BLANCHETOWN","5357","MID MURRAY DISTRICT COUNCIL",2,0,0,0,0,2015,"October","Saturday","07:30 am","110","Not Divided","Straight road","Level","Not Applicable","Sealed","Dry","Not Raining","Daylight","Rear End","02","Driver Rider","1: PDO","No Control","","",1415236.96,1728364.05,"14152371728364"
"2015-12559-27/05/2021","2 Metropolitan","MARDEN","5070","CC OF NORWOOD,PAYNEHAM & ST PETERS",2,0,0,0,0,2015,"October","Saturday","11:00 am","060","Divided Road","Straight road","Level","Driveway or Entrance","Sealed","Dry","Not Raining","Daylight","Right Angle","02","Driver Rider","1: PDO","No Control","","",1331757.8,1674225.31,"13317581674225"
"2015-12560-27/05/2021","2 Metropolitan","URRBRAE","5064","CC MITCHAM.                   ",2,0,0,0,0,2015,"October","Saturday","11:30 am","060","Cross Road","CURVED, VIEW OPEN","Slope","Unknown","Sealed","Dry","Not Raining","Daylight","Side Swipe","02","Driver Rider","1: PDO","Traffic Signals","","",1332373.16,1666370.92,"13323731666371"
"2015-12561-27/05/2021","2 Metropolitan","HACKHAM WEST","5163","CITY OF ONKAPARINGA",2,1,0,0,1,2015,"October","Saturday","12:15 pm","060","Divided Road","Straight road","Level","Not Applicable","Sealed","Dry","Not Raining","Daylight","Side Swipe","02","Driver Rider","2: MI","No Control","","",1320622.32,1647522.99,"13206221647523"
"2015-12562-27/05/2021","2 Metropolitan","ELIZABETH EAST","5112","CITY OF PLAYFORD.",3,0,0,0,0,2015,"October","Saturday","12:40 pm","080","Divided Road","Straight road","Level","Not Applicable","Sealed","Dry","Not Raining","Daylight","Rear End","01","Driver Rider","1: PDO","No Control","","",1336130.66,1692041.68,"13361311692042"
"2015-12563-27/05/2021","2 Metropolitan","ELIZABETH SOUTH","5112","CITY OF PLAYFORD.",2,0,0,0,0,2015,"October","Saturday","01:54 pm","060","Divided Road","Straight road","Level","Not Applicable","Sealed","Dry","Not Raining","Daylight","Rear End","01","Driver Rider","1: PDO","No Control","","",1334405.92,1689920.9,"13344061689921"
"2015-12564-27/05/2021","2 Metropolitan","GLENELG SOUTH","5045","CITY OF HOLDFAST BAY",2,0,0,0,0,2015,"October","Saturday","12:20 pm","060","Cross Road","Straight road","Level","Not Applicable","Sealed","Dry","Not Raining","Daylight","Rear End","02","Driver Rider","1: PDO","Traffic Signals","","",1321038.91,1664346.95,"13210391664347"
"2015-12565-27/05/2021","2 Metropolitan","MCLAREN FLAT","5171","CITY OF ONKAPARINGA",2,0,0,0,0,2015,"October","Friday","10:15 pm","080","Not Divided","Straight road","Level","Not Applicable","Sealed","Dry","Not Raining","Night","Hit Animal","02","Animal","1: PDO","No Control","","",1325748.81,1639855.33,"13257491639855"
"2015-12566-27/05/2021","2 Metropolitan","TRINITY GARDENS","5068","CC OF NORWOOD,PAYNEHAM & ST PETERS",2,0,0,0,0,2015,"October","Friday","04:05 pm","050","Not Divided","Straight road","Level","Driveway or Entrance","Sealed","Dry","Not Raining","Daylight","Hit Fixed Object","01","Driver Rider","1: PDO","No Control","","",1332704.85,1672059.18,"13327051672059"
"2015-12567-27/05/2021","2 Metropolitan","UNDERDALE","5032","CITY OF WEST TORRENS",2,0,0,0,0,2015,"October","Friday","08:30 pm","060","T-Junction","Straight road","Level","Not Applicable","Sealed","Dry","Not Raining","Night","Rear End","02","Driver Rider","1: PDO","Traffic Signals","","",1323829.19,1671602.14,"13238291671602"
"2015-12568-27/05/2021","2 Metropolitan","MEDINDIE","5081","WALKERVILLE TOWN COUNCIL",2,0,0,0,0,2015,"October","Saturday","06:28 pm","060","Divided Road","Straight road","Level","Not Applicable","Sealed","Dry","Not Raining","Daylight","Rear End","02","Driver Rider","1: PDO","No Control","","",1328856.86,1674174.36,"13288571674174"
"2015-12569-27/05/2021","2 Metropolitan","NOARLUNGA CENTRE","5168","CITY OF ONKAPARINGA",3,0,0,0,0,2015,"October","Friday","03:45 pm","060","Divided Road","Straight road","Level","Not Applicable","Sealed","Dry","Not Raining","Daylight","Rear End","01","Driver Rider","1: PDO","No Control","","",1319064.53,1647482.13,"13190651647482"
"2015-12570-27/05/2021","2 Metropolitan","PARA HILLS WEST","5096","CITY OF SALISBURY",2,0,0,0,0,2015,"October","Saturday","08:06 pm","060","Divided Road","Straight road","Level","Driveway or Entrance","Sealed","Dry","Not Raining","Night","Right Angle","01","Driver Rider","1: PDO","No Control","","",1334103.86,1684530.21,"13341041684530"
"2015-12571-27/05/2021","3 Country","NARACOORTE","5271","DC NARACOORTE & LUCINDALE.",2,1,0,1,0,2015,"October","Thursday","08:20 pm","080","Not Divided","Straight road","Level","Not Applicable","Sealed","Dry","Not Raining","Night","Hit Fixed Object","01","Driver Rider","3: SI","No Control","Y","",1510699.06,1437091.31,"15106991437091"
"2015-12572-27/05/2021","2 Metropolitan","PARKSIDE","5063","CITY OF UNLEY",4,1,0,0,1,2015,"October","Saturday","07:00 pm","040","T-Junction","Straight road","Level","Not Applicable","Sealed","Dry","Not Raining","Daylight","Hit Fixed Object","01","Driver Rider","2: MI","No Control","","",1330362.05,1668125.58,"13303621668126"
"2015-12573-27/05/2021","2 Metropolitan","MANSFIELD PARK","5012","CITY OF PORT ADELAIDE ENFIELD",2,0,0,0,0,2015,"October","Saturday","06:10 pm","050","Not Divided","Straight road","Level","Not Applicable","Sealed","Dry","Not Raining","Daylight","Hit Fixed Object","01","Driver Rider","1: PDO","No Control","","",1324134.55,1678452.58,"13241351678453"
"2015-12574-27/05/2021","3 Country","PALMER","5237","MID MURRAY DISTRICT COUNCIL",2,0,0,0,0,2015,"October","Saturday","06:10 pm","100","Not Divided","CURVED, VIEW OPEN","Crest of Hill","Not Applicable","Sealed","Dry","Not Raining","Daylight","Head On","01","Driver Rider","1: PDO","No Control","","",1377861.59,1678649.9,"13778621678650"
"2015-12575-27/05/2021","2 Metropolitan","SALISBURY PARK","5109","CITY OF SALISBURY",2,1,0,0,1,2015,"October","Sunday","12:20 am","080","Divided Road","Straight road","Level","Not Applicable","Sealed","Dry","Not Raining","Night","Hit Fixed Object","01","Driver Rider","2: MI","No Control","Y","",1336034.17,1688914.37,"13360341688914"
"2015-12576-27/05/2021","3 Country","MOUNT GAMBIER","5290","CC MT.GAMBIER.                ",3,1,0,0,1,2015,"October","Saturday","03:29 pm","060","T-Junction","Straight road","Level","Not Applicable","Sealed","Dry","Not Raining","Daylight","Right Turn","01","Driver Rider","2: MI","No Control","","",1509039.26,1341358.61,"15090391341359"
"2015-12577-27/05/2021","2 Metropolitan","WALKERVILLE","5081","WALKERVILLE TOWN COUNCIL",2,0,0,0,0,2015,"October","Sunday","08:00 am","060","Divided Road","Straight road","Level","Not Applicable","Sealed","Dry","Not Raining","Daylight","Side Swipe","02","Driver Rider","1: PDO","No Control","","",1329805.86,1674638.67,"13298061674639"
"2015-12578-27/05/2021","3 Country","BLANCHETOWN","5357","MID MURRAY DISTRICT COUNCIL",2,1,1,0,0,2015,"October","Sunday","10:20 am","110","Not Divided","Straight road","Level","Not Applicable","Sealed","Dry","Not Raining","Daylight","Hit Fixed Object","01","Driver Rider","4: Fatal","No Control","","Y",1412729.53,1727613.31,"14127301727613"
"2015-12579-27/05/2021","2 Metropolitan","WOODVILLE NORTH","5012","CITY OF CHARLES STURT",2,0,0,0,0,2015,"October","Saturday","11:00 pm","050","Not Divided","Straight road","Level","Not Applicable","Sealed","Dry","Not Raining","Night","Hit Parked Vehicle","02","Driver Rider","1: PDO","No Control","","",1323430.3,1677118.84,"13234301677119"
"2015-12580-27/05/2021","2 Metropolitan","LOBETHAL","5241","THE ADELAIDE HILLS COUNCIL",1,0,0,0,0,2015,"October","Sunday","10:10 am","080","Not Divided","CURVED, VIEW OPEN","Level","Not Applicable","Sealed","Dry","Not Raining","Daylight","Left Road - Out of Control","01","Driver Rider","1: PDO","No Control","","",1350413.18,1671243.8,"13504131671244"
"2015-12581-27/05/2021","3 Country","PARRAKIE","5301","SOUTHERN MALLEE DISTRICT COUNCIL",2,1,0,0,1,2015,"October","Saturday","02:30 pm","110","Not Divided","CURVED, VIEW OBSCURED","Slope","Not Applicable","Sealed","Dry","Not Raining","Daylight","Roll Over","01","Driver Rider","2: MI","No Control","","",1481039.2,1615964.81,"14810391615965"
"2015-12582-27/05/2021","2 Metropolitan","MODBURY","5092","CITY OF TEA TREE GULLY",2,0,0,0,0,2015,"October","Sunday","09:43 am","060","Cross Road","Straight road","Level","Not Applicable","Sealed","Dry","Not Raining","Daylight","Right Angle","01","Driver Rider","1: PDO","Roundabout","","",1336881.64,1680619.77,"13368821680620"
"2015-12583-27/05/2021","2 Metropolitan","ETHELTON","5015","CITY OF PORT ADELAIDE ENFIELD",2,0,0,0,0,2015,"October","Saturday","03:20 pm","060","T-Junction","Straight road","Level","Not Applicable","Sealed","Dry","Not Raining","Daylight","Right Angle","02","Driver Rider","1: PDO","Stop Sign","","",1318649.44,1679241.55,"13186491679242"
"2015-12584-27/05/2021","3 Country","PAGES FLAT","5172","ALEXANDRINA COUNCIL",2,1,0,1,0,2015,"October","Sunday","11:30 am","100","Not Divided","Straight road","Level","Not Applicable","Sealed","Dry","Not Raining","Daylight","Hit Fixed Object","01","Driver Rider","3: SI","No Control","","",1324065.39,1627454.66,"13240651627455"
"2015-12585-27/05/2021","2 Metropolitan","MORPHETT VALE","5162","CITY OF ONKAPARINGA",2,1,0,0,1,2015,"October","Sunday","01:37 pm","070","Cross Road","Straight road","Level","Not Applicable","Sealed","Dry","Not Raining","Daylight","Right Angle","01","Driver Rider","2: MI","Traffic Signals","","",1319739.6,1650989.54,"13197401650990"
"2015-12586-27/05/2021","2 Metropolitan","NORWOOD","5067","CC OF NORWOOD,PAYNEHAM & ST PETERS",2,0,0,0,0,2015,"October","Sunday","04:00 pm","050","T-Junction","Straight road","Level","Not Applicable","Sealed","Dry","Not Raining","Daylight","Right Angle","01","Driver Rider","1: PDO","No Control","","",1331953.96,1671070.62,"13319541671071"
"2015-12587-27/05/2021","1 City","ADELAIDE","5000","CITY OF ADELAIDE",4,0,0,0,0,2015,"October","Sunday","02:35 pm","060","Not Divided","Straight road","Level","Not Applicable","Sealed","Dry","Not Raining","Daylight","Rear End","01","Driver Rider","1: PDO","No Control","","",1329056.6,1669327.71,"13290571669328"
"2015-12588-27/05/2021","2 Metropolitan","PROSPECT","5082","CITY OF PROSPECT",2,1,0,0,1,2015,"October","Sunday","04:15 pm","060","Not Divided","Straight road","Level","Not Applicable","Sealed","Dry","Not Raining","Daylight","Hit Fixed Object","01","Driver Rider","2: MI","No Control","","",1327278.57,1674660.97,"13272791674661"
"2015-12589-27/05/2021","2 Metropolitan","ST MARYS","5042","CC MITCHAM.                   ",2,0,0,0,0,2015,"October","Sunday","01:30 pm","060","Cross Road","Straight road","Level","Not Applicable","Sealed","Dry","Not Raining","Daylight","Right Angle","02","Driver Rider","1: PDO","Traffic Signals","","",1325962.44,1663322.78,"13259621663323"
"2015-12590-27/05/2021","2 Metropolitan","VALLEY VIEW","5093","CITY OF SALISBURY",2,2,0,0,2,2015,"October","Sunday","05:23 pm","060","Not Divided","Straight road","Slope","Not Applicable","Sealed","Dry","Not Raining","Daylight","Hit Parked Vehicle","01","Driver Rider","2: MI","No Control","","",1334532.97,1680188.16,"13345331680188"
"2015-12591-27/05/2021","3 Country","MALLALA","5502","DC MALLALA.                   ",2,7,0,2,5,2015,"October","Sunday","02:30 pm","100","Cross Road","Straight road","Level","Not Applicable","Unsealed","Dry","Not Raining","Daylight","Right Angle","01","Driver Rider","3: SI","Give Way Sign","","",1325122.01,1724860.95,"13251221724861"
"2015-12592-27/05/2021","2 Metropolitan","HINDMARSH","5007","CITY OF CHARLES STURT",2,1,0,0,1,2015,"October","Sunday","02:40 pm","060","Not Divided","Straight road","Level","Not Applicable","Sealed","Dry","Not Raining","Daylight","Hit Fixed Object","01","Driver Rider","2: MI","No Control","","",1325825.28,1672514.6,"13258251672515"
"2015-12593-27/05/2021","2 Metropolitan","ENFIELD","5085","CITY OF PORT ADELAIDE ENFIELD",2,0,0,0,0,2015,"October","Sunday","08:40 pm","050","Not Divided","Straight road","Level","Not Applicable","Sealed","Dry","Not Raining","Night","Hit Parked Vehicle","02","Driver Rider","1: PDO","No Control","","",1328898.53,1678526.33,"13288991678526"
"2015-12594-27/05/2021","2 Metropolitan","TERINGIE","5072","THE ADELAIDE HILLS COUNCIL",2,0,0,0,0,2015,"October","Sunday","08:40 pm","050","Not Divided","Straight road","Slope","Not Applicable","Sealed","Dry","Not Raining","Night","Rear End","02","Driver Rider","1: PDO","No Control","","",1336504.69,1671965.72,"13365051671966"
"2015-12595-27/05/2021","3 Country","GEMMELLS","5255","ALEXANDRINA COUNCIL",2,0,0,0,0,2015,"October","Sunday","07:45 pm","100","Not Divided","CURVED, VIEW OBSCURED","Level","Not Applicable","Sealed","Dry","Not Raining","Night","Hit Animal","02","Animal","1: PDO","No Control","","",1353723.72,1643070.91,"13537241643071"
"2015-12596-27/05/2021","1 City","ADELAIDE","5000","CITY OF ADELAIDE",2,0,0,0,0,2015,"October","Sunday","10:00 pm","050","Cross Road","CURVED, VIEW OPEN","Level","Not Applicable","Sealed","Dry","Not Raining","Night","Rear End","01","Driver Rider","1: PDO","Traffic Signals","Y","",1327921.16,1670654.98,"13279211670655"
"2015-12597-27/05/2021","2 Metropolitan","WEST RICHMOND","5033","CITY OF WEST TORRENS",2,1,0,0,1,2015,"October","Sunday","11:00 pm","050","Not Divided","Straight road","Level","Not Applicable","Sealed","Dry","Not Raining","Night","Hit Parked Vehicle","01","Driver Rider","2: MI","No Control","","Y",1323834.02,1669561.37,"13238341669561"
"2015-12598-27/05/2021","2 Metropolitan","HILLBANK","5112","CITY OF PLAYFORD.",2,1,0,0,1,2015,"October","Sunday","11:15 pm","080","Divided Road","Straight road","Slope","Not Applicable","Sealed","Dry","Not Raining","Night","Side Swipe","01","Driver Rider","2: MI","No Control","","",1336154.42,1690653.03,"13361541690653"
"2015-12599-27/05/2021","2 Metropolitan","DARLINGTON","5047","CC MARION.                    ",2,1,0,0,1,2015,"October","Monday","02:13 am","080","Divided Road","CURVED, VIEW OBSCURED","Slope","Not Applicable","Sealed","Dry","Not Raining","Night","Hit Fixed Object","01","Driver Rider","2: MI","No Control","Y","Y",1324104.95,1658984.32,"13241051658984"
"2015-12600-27/05/2021","2 Metropolitan","FLINDERS PARK","5025","CITY OF CHARLES STURT",2,1,0,0,1,2015,"October","Wednesday","04:04 pm","060","Divided Road","Straight road","Level","Not Applicable","Sealed","Dry","Not Raining","Daylight","Hit Parked Vehicle","02","Driver Rider","2: MI","No Control","","",1322970.71,1673136.52,"13229711673137"
"2015-12601-27/05/2021","2 Metropolitan","WOODVILLE","5011","CITY OF CHARLES STURT",2,1,0,0,1,2015,"October","Tuesday","08:20 am","050","Divided Road","Straight road","Level","Not Applicable","Sealed","Dry","Not Raining","Daylight","Hit Fixed Object","01","Driver Rider","2: MI","No Control","","",1322959.83,1676106.71,"13229601676107"
"2015-12602-27/05/2021","3 Country","NARACOORTE","5271","DC NARACOORTE & LUCINDALE.",2,0,0,0,0,2015,"October","Sunday","04:30 pm","050","Cross Road","Straight road","Level","Not Applicable","Sealed","Dry","Not Raining","Daylight","Right Angle","02","Driver Rider","1: PDO","Roundabout","","",1511793.24,1437269.52,"15117931437270"
"2015-12603-27/05/2021","2 Metropolitan","GLOBE DERBY PARK","5110","CITY OF SALISBURY",2,0,0,0,0,2015,"October","Friday","05:30 pm","080","Divided Road","Straight road","Level","Not Applicable","Sealed","Dry","Not Raining","Daylight","Side Swipe","02","Driver Rider","1: PDO","No Control","","",1328635.68,1684918.36,"13286361684918"
"2015-12604-27/05/2021","2 Metropolitan","MODBURY NORTH","5092","CITY OF TEA TREE GULLY",2,1,0,0,1,2015,"October","Sunday","09:12 pm","050","Not Divided","Straight road","Slope","Not Applicable","Sealed","Dry","Not Raining","Night","Hit Parked Vehicle","02","Driver Rider","2: MI","No Control","","Y",1336594.34,1681491.67,"13365941681492"
"2015-12605-27/05/2021","3 Country","NARACOORTE","5271","DC NARACOORTE & LUCINDALE.",2,0,0,0,0,2015,"October","Monday","08:45 am","060","T-Junction","Straight road","Level","Not Applicable","Sealed","Dry","Not Raining","Daylight","Rear End","01","Driver Rider","1: PDO","No Control","","",1510794.95,1437488.94,"15107951437489"
"2015-12606-27/05/2021","2 Metropolitan","NAIRNE","5252","DC MT.BARKER.                 ",2,0,0,0,0,2015,"October","Monday","08:10 am","060","Not Divided","CURVED, VIEW OPEN","Slope","Not Applicable","Sealed","Wet","Raining","Daylight","Hit Fixed Object","01","Driver Rider","1: PDO","No Control","","",1355219.51,1657108.42,"13552201657108"
"2015-12607-27/05/2021","2 Metropolitan","THE RANGE","5172","CITY OF ONKAPARINGA",2,1,0,0,1,2015,"October","Monday","08:25 am","100","Not Divided","CURVED, VIEW OPEN","Slope","Not Applicable","Sealed","Wet","Not Raining","Daylight","Hit Fixed Object","01","Driver Rider","2: MI","No Control","","",1329019.91,1635319.07,"13290201635319"
"2015-12608-27/05/2021","2 Metropolitan","LOCKLEYS","5032","CITY OF WEST TORRENS",2,0,0,0,0,2015,"October","Monday","09:30 am","060","T-Junction","CURVED, VIEW OPEN","Level","Not Applicable","Sealed","Dry","Not Raining","Daylight","Right Turn","02","Driver Rider","1: PDO","Traffic Signals","","",1321886.95,1669998.55,"13218871669999"
"2015-12609-27/05/2021","2 Metropolitan","KENT TOWN","5067","CC OF NORWOOD,PAYNEHAM & ST PETERS",2,0,0,0,0,2015,"October","Monday","03:00 pm","050","Not Divided","Straight road","Level","Not Applicable","Sealed","Dry","Not Raining","Daylight","Side Swipe","02","Driver Rider","1: PDO","No Control","","",1330121.02,1671155.53,"13301211671156"
"2015-12610-27/05/2021","2 Metropolitan","PARKSIDE","5063","CITY OF UNLEY",2,0,0,0,0,2015,"October","Monday","10:45 am","060","T-Junction","Straight road","Level","Not Applicable","Sealed","Dry","Not Raining","Daylight","Right Turn","02","Driver Rider","1: PDO","Stop Sign","","",1330711.04,1668135.2,"13307111668135"
"2015-12611-27/05/2021","3 Country","REDBANKS","5502","DC MALLALA.                   ",2,0,0,0,0,2015,"October","Monday","11:00 am","060","Not Divided","Straight road","Level","Not Applicable","Sealed","Dry","Not Raining","Daylight","Hit Parked Vehicle","02","Driver Rider","1: PDO","No Control","","",1326693.11,1720604.83,"13266931720605"
"2015-12612-27/05/2021","2 Metropolitan","NOARLUNGA DOWNS","5168","CITY OF ONKAPARINGA",2,0,0,0,0,2015,"October","Monday","12:01 pm","100","Freeway","Straight road","Slope","Not Applicable","Sealed","Dry","Not Raining","Daylight","Hit Fixed Object","01","Driver Rider","1: PDO","No Control","","",1319134.88,1645103.42,"13191351645103"
"2015-12613-27/05/2021","1 City","ADELAIDE","5000","CITY OF ADELAIDE",2,1,0,0,1,2015,"October","Monday","08:30 am","060","T-Junction","Straight road","Level","Driveway or Entrance","Sealed","Dry","Not Raining","Daylight","Right Turn","02","Driver Rider","2: MI","Give Way Sign","","",1327355.12,1670639.37,"13273551670639"
"2015-12614-27/05/2021","2 Metropolitan","FELIXSTOW","5070","CC OF NORWOOD,PAYNEHAM & ST PETERS",2,0,0,0,0,2015,"October","Monday","09:00 am","060","T-Junction","Straight road","Level","Not Applicable","Sealed","Dry","Not Raining","Daylight","Right Angle","01","Driver Rider","1: PDO","No Control","","",1332333.31,1674280.97,"13323331674281"
"2015-12615-27/05/2021","2 Metropolitan","KANGARILLA","5157","CITY OF ONKAPARINGA",2,0,0,0,0,2015,"October","Monday","07:44 am","080","Not Divided","CURVED, VIEW OBSCURED","Level","Not Applicable","Sealed","Wet","Raining","Daylight","Hit Fixed Object","01","Driver Rider","1: PDO","No Control","","",1332451.33,1648009.26,"13324511648009"
"2015-12616-27/05/2021","2 Metropolitan","SALISBURY DOWNS","5108","CITY OF SALISBURY",2,1,0,0,1,2015,"October","Friday","02:30 pm","060","Divided Road","Straight road","Level","Not Applicable","Sealed","Dry","Not Raining","Daylight","Rear End","02","Driver Rider","2: MI","No Control","","Y",1331394.55,1686863.04,"13313951686863"
"2015-12617-27/05/2021","2 Metropolitan","MYRTLE BANK","5064","CITY OF UNLEY",2,0,0,0,0,2015,"October","Saturday","02:00 pm","060","Not Divided","Straight road","Level","Not Applicable","Sealed","Dry","Not Raining","Daylight","Rear End","02","Driver Rider","1: PDO","No Control","","",1332173.52,1666687.4,"13321741666687"
"2015-12618-27/05/2021","3 Country","SALT CREEK","5264","COORONG DISTRICT COUNCIL",2,0,0,0,0,2015,"October","Friday","10:00 pm","100","Not Divided","Straight road","Level","Not Applicable","Sealed","Dry","Not Raining","Night","Hit Animal","02","Animal","1: PDO","No Control","","",1417053.4,1535988.73,"14170531535989"
"2015-12619-27/05/2021","3 Country","VICTOR HARBOR","5211","DC VICTOR HARBOR.             ",3,0,0,0,0,2015,"October","Monday","03:00 pm","050","Divided Road","Straight road","Level","Not Applicable","Sealed","Dry","Not Raining","Daylight","Rear End","01","Driver Rider","1: PDO","No Control","","",1328240.98,1601215.78,"13282411601216"
"2015-12620-27/05/2021","2 Metropolitan","BRIGHTON","5048","CITY OF HOLDFAST BAY",2,1,0,0,1,2015,"October","Monday","03:25 pm","060","Cross Road","Straight road","Level","Not Applicable","Sealed","Dry","Not Raining","Daylight","Right Angle","01","Driver Rider","2: MI","No Control","","",1321278.7,1660557.91,"13212791660558"
"2015-12621-27/05/2021","2 Metropolitan","NEWTON","5074","CC CAMPBELLTOWN.              ",2,0,0,0,0,2015,"October","Monday","02:40 pm","060","T-Junction","Straight road","Level","Not Applicable","Sealed","Dry","Not Raining","Daylight","Right Angle","02","Driver Rider","1: PDO","No Control","","",1335377.72,1675919.88,"13353781675920"
"2015-12622-27/05/2021","2 Metropolitan","TROTT PARK","5158","CC MARION.                    ",2,0,0,0,0,2015,"October","Monday","03:05 pm","050","Not Divided","Straight road","Slope","Not Applicable","Sealed","Dry","Not Raining","Daylight","Side Swipe","02","Driver Rider","1: PDO","No Control","","",1322518,1654830.8,"13225181654831"
"2015-12623-27/05/2021","3 Country","TANUNDA","5352","THE BAROSSA COUNCIL.",2,0,0,0,0,2015,"October","Monday","04:02 pm","050","Not Divided","Straight road","Level","Not Applicable","Sealed","Dry","Not Raining","Daylight","Side Swipe","02","Driver Rider","1: PDO","No Control","","",1362491.05,1713633.71,"13624911713634"
"2015-12624-27/05/2021","2 Metropolitan","KILBURN","5084","CITY OF PORT ADELAIDE ENFIELD",2,0,0,0,0,2015,"October","Monday","05:20 pm","050","T-Junction","Straight road","Level","Not Applicable","Sealed","Dry","Not Raining","Daylight","Hit Parked Vehicle","01","Driver Rider","1: PDO","No Control","","",1328038.21,1677334.13,"13280381677334"
"2015-12625-27/05/2021","2 Metropolitan","POORAKA","5095","CITY OF SALISBURY",2,0,0,0,0,2015,"October","Monday","04:45 pm","070","Divided Road","Straight road","Level","Not Applicable","Sealed","Dry","Not Raining","Daylight","Rear End","02","Driver Rider","1: PDO","No Control","","",1330521.38,1681819.72,"13305211681820"
"2015-12626-27/05/2021","1 City","ADELAIDE","5000","CITY OF ADELAIDE",1,1,0,0,1,2015,"October","Monday","03:24 pm","050","Not Divided","Straight road","Level","Not Applicable","Sealed","Dry","Not Raining","Daylight","Roll Over","01","Driver Rider","2: MI","No Control","","",1327468.41,1670159.09,"13274681670159"
"2015-12627-27/05/2021","2 Metropolitan","MITCHAM","5062","CC MITCHAM.                   ",2,0,0,0,0,2015,"October","Monday","05:55 pm","060","T-Junction","Straight road","Level","Not Applicable","Sealed","Dry","Not Raining","Daylight","Rear End","02","Driver Rider","1: PDO","Traffic Signals","","",1330788.15,1664892.02,"13307881664892"
"2015-12628-27/05/2021","2 Metropolitan","WOODCROFT","5162","CITY OF ONKAPARINGA",2,1,0,0,1,2015,"October","Monday","05:45 pm","050","T-Junction","Straight road","Bottom of Hill","Not Applicable","Sealed","Dry","Not Raining","Daylight","Hit Fixed Object","01","Driver Rider","2: MI","Stop Sign","","Y",1324216.23,1651443.63,"13242161651444"