"REPORT_ID","Stats Area","Suburb","Postcode","LGA Name","Total Units","Total Cas","Total Fats","Total SI","Total MI","Year","Month","Day","Time","Area Speed","Position Type","Horizontal Align","Vertical Align","Other Feat","Road Surface","Moisture Cond","Weather Cond","DayNight","Crash Type","Unit Resp","Entity Code","CSEF Severity","Traffic Ctrls","DUI Involved","Drugs Involved","ACCLOC_X","ACCLOC_Y","UNIQUE_LOC"
"2015-12950-27/05/2021","3 Country","MAITLAND","5573","YORKE PENINSULA COUNCIL",1,0,0,0,0,2015,"October","Saturday","01:00 pm","100","Not Divided","Straight road","Level","Not Applicable","Sealed","Dry","Not Raining","Daylight","Other","01","Driver Rider","1: PDO","No Control","","",1244005.21,1738373.52,"12440051738374"
"2015-12951-27/05/2021","2 Metropolitan","NOVAR GARDENS","5040","CITY OF WEST TORRENS",2,1,0,0,1,2015,"November","Monday","05:07 pm","060","T-Junction","Straight road","Level","Not Applicable","Sealed","Dry","Not Raining","Daylight","Right Angle","01","Driver Rider","2: MI","No Control","","",1322601.27,1666651.72,"13226011666652"
"2015-12952-27/05/2021","2 Metropolitan","ST PETERS","5069","CC OF NORWOOD,PAYNEHAM & ST PETERS",2,0,0,0,0,2015,"November","Monday","03:30 pm","060","Cross Road","Straight road","Level","Not Applicable","Sealed","Dry","Not Raining","Daylight","Right Angle","02","Driver Rider","1: PDO","Give Way Sign","","",1331066.24,1672458.92,"13310661672459"
"2015-12953-27/05/2021","2 Metropolitan","BOLIVAR","5110","CITY OF SALISBURY",3,1,0,0,1,2015,"November","Monday","06:09 pm","090","T-Junction","Straight road","Level","Not Applicable","Sealed","Dry","Not Raining","Daylight","Rear End","01","Driver Rider","2: MI","Traffic Signals","","",1328471.89,1688636.97,"13284721688637"
"2015-12954-27/05/2021","2 Metropolitan","POORAKA","5095","CITY OF SALISBURY",2,0,0,0,0,2015,"November","Monday","05:15 pm","050","T-Junction","Straight road","Level","Not Applicable","Sealed","Dry","Not Raining","Daylight","Side Swipe","02","Driver Rider","1: PDO","No Control","","",1331790.28,1682118.27,"13317901682118"
"2015-12955-27/05/2021","2 Metropolitan","HAMPSTEAD GARDENS","5086","CITY OF PORT ADELAIDE ENFIELD",3,1,0,0,1,2015,"November","Monday","06:10 pm","060","Cross Road","Straight road","Level","Not Applicable","Sealed","Dry","Not Raining","Daylight","Rear End","01","Driver Rider","2: MI","Give Way Sign","","",1331244.72,1676017.37,"13312451676017"
"2015-12956-27/05/2021","2 Metropolitan","BRIDGEWATER","5155","THE ADELAIDE HILLS COUNCIL",2,0,0,0,0,2015,"November","Monday","07:10 am","080","Not Divided","Straight road","Level","Not Applicable","Sealed","Dry","Not Raining","Daylight","Head On","02","Driver Rider","1: PDO","No Control","","",1342628.02,1659183.41,"13426281659183"
"2015-12957-27/05/2021","3 Country","MIRANDA","5700","CC PT.AUGUSTA.                ",2,2,0,1,1,2015,"November","Monday","03:50 pm","110","T-Junction","Straight road","Level","Not Applicable","Sealed","Dry","Not Raining","Daylight","Side Swipe","01","Driver Rider","3: SI","Give Way Sign","","",1275207.41,1919175.84,"12752071919176"
"2015-12958-27/05/2021","3 Country","RIVERTON","5412","CLARE AND GILBERT VALLEYS DISTRICT COUNCIL",2,1,0,0,1,2015,"November","Monday","11:15 pm","100","Not Divided","CURVED, VIEW OPEN","Level","Not Applicable","Sealed","Dry","Not Raining","Night","Hit Fixed Object","01","Driver Rider","2: MI","No Control","","",1344918.24,1757057.15,"13449181757057"
"2015-12959-27/05/2021","2 Metropolitan","PENFIELD","5121","CITY OF PLAYFORD.",2,3,0,0,3,2015,"November","Tuesday","12:50 am","080","Cross Road","Straight road","Level","Not Applicable","Sealed","Dry","Not Raining","Night","Right Angle","02","Driver Rider","2: MI","Give Way Sign","","",1333441.32,1696359.08,"13334411696359"
"2015-12960-27/05/2021","2 Metropolitan","OSBORNE","5017","CITY OF PORT ADELAIDE ENFIELD",2,0,0,0,0,2015,"November","Monday","11:30 pm","070","Not Divided","Straight road","Level","Not Applicable","Sealed","Dry","Not Raining","Night","Hit Fixed Object","01","Driver Rider","1: PDO","No Control","","",1320472.5,1687618.8,"13204731687619"
"2015-12961-27/05/2021","2 Metropolitan","PROSPECT","5082","CITY OF PROSPECT",2,1,0,0,1,2015,"November","Sunday","04:15 am","050","T-Junction","Straight road","Level","Not Applicable","Sealed","Dry","Not Raining","Night","Hit Fixed Object","01","Driver Rider","2: MI","No Control","","",1328047.23,1676779.52,"13280471676780"
"2015-12962-27/05/2021","3 Country","WHYALLA STUART","5608","CC WHYALLA.                   ",2,0,0,0,0,2015,"November","Tuesday","05:30 am","060","Not Divided","Straight road","Level","Not Applicable","Sealed","Dry","Not Raining","Night","Hit Fixed Object","01","Driver Rider","1: PDO","No Control","","",1234001.84,1882880.57,"12340021882881"
"2015-12963-27/05/2021","2 Metropolitan","BLACK FOREST","5035","CITY OF UNLEY",3,0,0,0,0,2015,"November","Tuesday","05:25 am","050","Not Divided","Straight road","Level","Not Applicable","Sealed","Dry","Not Raining","Night","Hit Parked Vehicle","01","Driver Rider","1: PDO","No Control","","",1325979.79,1667036.11,"13259801667036"
"2015-12964-27/05/2021","3 Country","BOWMANS","5550","WAKEFIELD REGIONAL COUNCIL",2,1,0,0,1,2015,"October","Wednesday","04:00 pm","100","Not Divided","Straight road","Level","Not Applicable","Sealed","Dry","Not Raining","Daylight","Hit Fixed Object","01","Driver Rider","2: MI","No Control","","",1299544.67,1756501.09,"12995451756501"
"2015-12965-27/05/2021","2 Metropolitan","WOODCROFT","5162","CITY OF ONKAPARINGA",2,1,0,0,1,2015,"November","Monday","08:00 am","080","Not Divided","Straight road","Level","Not Applicable","Sealed","Dry","Not Raining","Daylight","Side Swipe","01","Driver Rider","2: MI","No Control","","",1323026.89,1652223.17,"13230271652223"
"2015-12966-27/05/2021","2 Metropolitan","SEAFORD MEADOWS","5169","CITY OF ONKAPARINGA",2,0,0,0,0,2015,"November","Tuesday","08:15 am","050","Not Divided","Straight road","Level","Driveway or Entrance","Sealed","Dry","Not Raining","Daylight","Hit Parked Vehicle","01","Driver Rider","1: PDO","No Control","","",1316560.72,1643817.17,"13165611643817"
"2015-12967-27/05/2021","2 Metropolitan","MYRTLE BANK","5064","CITY OF UNLEY",3,2,0,0,2,2015,"November","Monday","03:40 pm","060","Not Divided","Straight road","Level","Not Applicable","Sealed","Dry","Not Raining","Daylight","Rear End","02","Driver Rider","2: MI","No Control","","",1330764,1666357.12,"13307641666357"
"2015-12968-27/05/2021","2 Metropolitan","O'HALLORAN HILL","5158","CITY OF ONKAPARINGA",2,1,0,0,1,2015,"October","Saturday","02:50 pm","080","T-Junction","Straight road","Level","Not Applicable","Sealed","Dry","Not Raining","Daylight","Right Angle","02","Driver Rider","2: MI","No Control","","",1323754.77,1654668.61,"13237551654669"
"2015-12969-27/05/2021","2 Metropolitan","FINDON","5023","CITY OF CHARLES STURT",2,0,0,0,0,2015,"November","Tuesday","08:30 am","060","Cross Road","Straight road","Level","Not Applicable","Sealed","Dry","Not Raining","Daylight","Rear End","01","Driver Rider","1: PDO","Traffic Signals","","",1322391.64,1674259.27,"13223921674259"
"2015-12970-27/05/2021","2 Metropolitan","ELIZABETH VALE","5112","CITY OF PLAYFORD.",2,0,0,0,0,2015,"November","Tuesday","10:00 am","050","T-Junction","Straight road","Level","Not Applicable","Sealed","Dry","Not Raining","Daylight","Rear End","09","Other","1: PDO","No Control","","",1335045.43,1690355.6,"13350451690356"
"2015-12971-27/05/2021","2 Metropolitan","WALKLEY HEIGHTS","5098","CITY OF SALISBURY",2,0,0,0,0,2015,"November","Tuesday","10:30 am","060","T-Junction","Straight road","Level","Not Applicable","Sealed","Dry","Not Raining","Daylight","Right Turn","01","Driver Rider","1: PDO","Traffic Signals","","",1331258.29,1680682.96,"13312581680683"
"2015-12972-27/05/2021","1 City","ADELAIDE","5000","CITY OF ADELAIDE",2,0,0,0,0,2015,"November","Sunday","02:00 pm","060","Cross Road","Straight road","Level","Not Applicable","Sealed","Dry","Not Raining","Daylight","Rear End","02","Driver Rider","1: PDO","Traffic Signals","","",1327901.33,1670963.7,"13279011670964"
"2015-12973-27/05/2021","2 Metropolitan","KIDMAN PARK","5025","CITY OF CHARLES STURT",2,1,0,0,1,2015,"November","Tuesday","10:45 am","060","T-Junction","Straight road","Level","Not Applicable","Sealed","Dry","Not Raining","Daylight","Rear End","01","Driver Rider","2: MI","No Control","","",1321925.68,1673105.84,"13219261673106"
"2015-12974-27/05/2021","2 Metropolitan","FULHAM","5024","CITY OF WEST TORRENS",2,0,0,0,0,2015,"November","Tuesday","11:50 am","060","T-Junction","Straight road","Level","Not Applicable","Sealed","Dry","Not Raining","Daylight","Rear End","02","Driver Rider","1: PDO","No Control","","",1320970.32,1670455.95,"13209701670456"
"2015-12975-27/05/2021","1 City","ADELAIDE","5000","CITY OF ADELAIDE",2,0,0,0,0,2015,"November","Tuesday","08:30 am","050","Cross Road","Straight road","Level","Not Applicable","Sealed","Dry","Not Raining","Daylight","Right Angle","01","Driver Rider","1: PDO","Traffic Signals","","",1327546.59,1670795.98,"13275471670796"
"2015-12976-27/05/2021","2 Metropolitan","NOARLUNGA CENTRE","5168","CITY OF ONKAPARINGA",2,1,0,0,1,2015,"November","Tuesday","09:00 am","060","Cross Road","Straight road","Level","Not Applicable","Sealed","Dry","Not Raining","Daylight","Right Turn","01","Driver Rider","2: MI","Traffic Signals","","",1317357.75,1647424.51,"13173581647425"
"2015-12977-27/05/2021","2 Metropolitan","STURT","5047","CC MARION.                    ",4,2,0,0,2,2015,"October","Friday","02:30 pm","060","Divided Road","Straight road","Level","Not Applicable","Sealed","Dry","Not Raining","Daylight","Rear End","01","Driver Rider","2: MI","No Control","","",1324012.22,1660663.8,"13240121660664"
"2015-12978-27/05/2021","2 Metropolitan","MILLBROOK","5231","THE ADELAIDE HILLS COUNCIL",2,1,0,0,1,2015,"November","Tuesday","02:30 pm","080","Not Divided","CURVED, VIEW OBSCURED","Level","Not Applicable","Sealed","Dry","Not Raining","Daylight","Hit Fixed Object","01","Driver Rider","2: MI","No Control","","",1347504.37,1682076.78,"13475041682077"
"2015-12979-27/05/2021","3 Country","MILANG","5256","ALEXANDRINA COUNCIL",2,0,0,0,0,2015,"November","Monday","08:45 pm","050","T-Junction","Straight road","Level","Not Applicable","Sealed","Dry","Not Raining","Night","Hit Fixed Object","01","Driver Rider","1: PDO","No Control","","",1360519.41,1616118.46,"13605191616118"
"2015-12980-27/05/2021","3 Country","MOUNT CRAWFORD","5351","THE BAROSSA COUNCIL.",2,0,0,0,0,2015,"November","Monday","06:30 pm","100","Not Divided","Straight road","Level","Not Applicable","Sealed","Dry","Not Raining","Daylight","Side Swipe","02","Driver Rider","1: PDO","No Control","","",1362224.13,1690098.8,"13622241690099"
"2015-12981-27/05/2021","2 Metropolitan","ECHUNGA","5153","DC MT.BARKER.                 ",2,1,0,0,1,2015,"November","Monday","09:00 pm","050","Cross Road","Straight road","Level","Not Applicable","Sealed","Dry","Not Raining","Night","Right Angle","02","Driver Rider","2: MI","Stop Sign","","",1345699.27,1650351.84,"13456991650352"
"2015-12982-27/05/2021","2 Metropolitan","GAWLER BELT","5118","LIGHT REGIONAL COUNCIL",2,0,0,0,0,2015,"November","Tuesday","03:00 pm","060","T-Junction","Straight road","Level","Not Applicable","Sealed","Dry","Not Raining","Daylight","Right Turn","01","Driver Rider","1: PDO","Give Way Sign","","",1342144.11,1709413.39,"13421441709413"
"2015-12983-27/05/2021","2 Metropolitan","ATHOL PARK","5012","CITY OF CHARLES STURT",2,0,0,0,0,2015,"November","Tuesday","09:30 am","060","Cross Road","Straight road","Level","Not Applicable","Sealed","Dry","Not Raining","Daylight","Side Swipe","02","Driver Rider","1: PDO","Stop Sign","","",1323919.72,1678752.06,"13239201678752"
"2015-12984-27/05/2021","2 Metropolitan","KLEMZIG","5087","CITY OF PORT ADELAIDE ENFIELD",3,1,0,0,1,2015,"November","Tuesday","03:00 pm","060","Not Divided","Straight road","Level","Not Applicable","Sealed","Dry","Not Raining","Daylight","Rear End","01","Driver Rider","2: MI","No Control","","",1331860.06,1675781.53,"13318601675782"
"2015-12985-27/05/2021","1 City","ADELAIDE","5000","CITY OF ADELAIDE",2,1,0,0,1,2015,"October","Monday","04:00 pm","050","Cross Road","Straight road","Level","Not Applicable","Sealed","Dry","Not Raining","Daylight","Right Turn","01","Driver Rider","2: MI","Traffic Signals","","",1327978.27,1670807.29,"13279781670807"
"2015-12986-27/05/2021","3 Country","MANNUM","5238","MID MURRAY DISTRICT COUNCIL",2,0,0,0,0,2015,"November","Tuesday","09:30 am","050","Not Divided","Straight road","Slope","Driveway or Entrance","Sealed","Dry","Not Raining","Daylight","Right Angle","02","Driver Rider","1: PDO","No Control","","",1392465.51,1669306.34,"13924661669306"
"2015-12987-27/05/2021","2 Metropolitan","NEW PORT","5015","CITY OF PORT ADELAIDE ENFIELD",2,0,0,0,0,2015,"November","Tuesday","02:30 pm","060","T-Junction","Straight road","Level","Not Applicable","Sealed","Dry","Not Raining","Daylight","Rear End","02","Driver Rider","1: PDO","Traffic Signals","","",1319183.3,1679164.13,"13191831679164"
"2015-12988-27/05/2021","2 Metropolitan","HENLEY BEACH","5022","CITY OF CHARLES STURT",2,0,0,0,0,2015,"November","Tuesday","03:40 am","060","Divided Road","Straight road","Slope","Driveway or Entrance","Sealed","Dry","Not Raining","Night","Hit Fixed Object","01","Driver Rider","1: PDO","No Control","","",1319741.76,1673047.97,"13197421673048"
"2015-12989-27/05/2021","2 Metropolitan","HAZELWOOD PARK","5066","CITY OF BURNSIDE",4,2,0,1,1,2015,"November","Tuesday","03:05 pm","060","Not Divided","Straight road","Level","Not Applicable","Sealed","Dry","Not Raining","Daylight","Rear End","01","Driver Rider","3: SI","No Control","","",1333304.32,1669076.84,"13333041669077"
"2015-12990-27/05/2021","2 Metropolitan","NORWOOD","5067","CC OF NORWOOD,PAYNEHAM & ST PETERS",2,0,0,0,0,2015,"November","Tuesday","05:35 pm","060","Cross Road","CURVED, VIEW OBSCURED","Level","Unknown","Sealed","Dry","Not Raining","Daylight","Right Angle","02","Driver Rider","1: PDO","Roundabout","","",1330623.32,1670361.88,"13306231670362"
"2015-12991-27/05/2021","2 Metropolitan","REGENCY PARK","5010","CITY OF PORT ADELAIDE ENFIELD",2,3,0,0,3,2015,"November","Tuesday","06:30 pm","060","Cross Road","Straight road","Level","Not Applicable","Sealed","Dry","Not Raining","Daylight","Rear End","02","Driver Rider","2: MI","Traffic Signals","","",1326061.04,1676365.88,"13260611676366"
"2015-12992-27/05/2021","2 Metropolitan","SALISBURY","5108","CITY OF SALISBURY",3,0,0,0,0,2015,"November","Tuesday","06:30 pm","050","Not Divided","Straight road","Level","Driveway or Entrance","Sealed","Dry","Not Raining","Daylight","Right Angle","01","Driver Rider","1: PDO","No Control","","",1333275.69,1688563.01,"13332761688563"
"2015-12993-27/05/2021","2 Metropolitan","UPPER STURT","5156","THE ADELAIDE HILLS COUNCIL",2,0,0,0,0,2015,"November","Tuesday","05:40 pm","060","T-Junction","CURVED, VIEW OBSCURED","Slope","Not Applicable","Sealed","Dry","Not Raining","Daylight","Right Angle","02","Driver Rider","1: PDO","No Control","","",1336301.35,1659961.42,"13363011659961"
"2015-12994-27/05/2021","3 Country","REDHILL","5521","PT.PIRIE CITY & DIST. COUNCIL ",2,0,0,0,0,2015,"November","Tuesday","03:00 pm","110","Not Divided","Straight road","Level","Not Applicable","Sealed","Dry","Not Raining","Daylight","Hit Fixed Object","01","Driver Rider","1: PDO","No Control","","",1298760.78,1822324.38,"12987611822324"
"2015-12995-27/05/2021","2 Metropolitan","HINDMARSH","5007","CITY OF CHARLES STURT",2,0,0,0,0,2015,"October","Thursday","08:43 am","050","Cross Road","Straight road","Level","Not Applicable","Sealed","Dry","Not Raining","Daylight","Right Angle","02","Driver Rider","1: PDO","Give Way Sign","","",1325692.23,1673113.04,"13256921673113"
"2015-12996-27/05/2021","2 Metropolitan","ALBERTON","5014","CITY OF PORT ADELAIDE ENFIELD",3,0,0,0,0,2015,"October","Friday","07:45 am","050","Not Divided","Straight road","Level","Not Applicable","Sealed","Dry","Not Raining","Daylight","Hit Parked Vehicle","02","Driver Rider","1: PDO","No Control","","",1320989.81,1678781.17,"13209901678781"
"2015-12997-27/05/2021","2 Metropolitan","MORPHETTVILLE","5043","CC MARION.                    ",2,0,0,0,0,2015,"November","Tuesday","05:48 pm","050","Not Divided","Straight road","Level","Not Applicable","Sealed","Dry","Not Raining","Daylight","Hit Fixed Object","01","Driver Rider","1: PDO","No Control","","",1323108.65,1664687.57,"13231091664688"
"2015-12998-27/05/2021","3 Country","PANITYA","5641","DC KIMBA.                     ",1,2,0,0,2,2015,"November","Monday","03:15 am","110","Not Divided","CURVED, VIEW OBSCURED","Level","Not Applicable","Sealed","Dry","Not Raining","Night","Roll Over","01","Driver Rider","2: MI","No Control","","",1099243.89,1865783.51,"10992441865784"
"2015-12999-27/05/2021","2 Metropolitan","TROTT PARK","5158","CC MARION.                    ",2,0,0,0,0,2015,"November","Tuesday","06:30 pm","080","Divided Road","Straight road","Slope","Bridge, Culvert, Causeway","Sealed","Dry","Not Raining","Daylight","Hit Fixed Object","01","Driver Rider","1: PDO","No Control","Y","",1322972.35,1653503.71,"13229721653504"
"2015-13000-27/05/2021","2 Metropolitan","DRY CREEK","5094","CITY OF PORT ADELAIDE ENFIELD",2,0,0,0,0,2015,"November","Tuesday","08:40 pm","070","Ramp On","CURVED, VIEW OPEN","Slope","Not Applicable","Sealed","Wet","Raining","Night","Hit Fixed Object","01","Driver Rider","1: PDO","No Control","","",1325378.21,1681287.98,"13253781681288"
"2015-13001-27/05/2021","2 Metropolitan","ALLENBY GARDENS","5009","CITY OF CHARLES STURT",2,0,0,0,0,2015,"November","Tuesday","09:00 pm","040","Not Divided","Straight road","Level","Not Applicable","Sealed","Wet","Raining","Night","Hit Parked Vehicle","02","Driver Rider","1: PDO","No Control","","",1324332.66,1674232.64,"13243331674233"
"2015-13002-27/05/2021","2 Metropolitan","RIDLEYTON","5008","CITY OF CHARLES STURT",2,0,0,0,0,2015,"October","Friday","02:10 pm","060","Divided Road","Straight road","Level","Not Applicable","Sealed","Dry","Not Raining","Daylight","Rear End","02","Driver Rider","1: PDO","No Control","","",1325861.8,1674875.32,"13258621674875"
"2015-13003-27/05/2021","2 Metropolitan","STURT","5047","CC MARION.                    ",2,1,0,0,1,2015,"October","Thursday","10:15 pm","060","T-Junction","Straight road","Level","Not Applicable","Sealed","Dry","Not Raining","Night","Rear End","02","Driver Rider","2: MI","Traffic Signals","","",1324240.85,1659440.06,"13242411659440"
"2015-13004-27/05/2021","2 Metropolitan","EDWARDSTOWN","5039","CC MARION.                    ",3,0,0,0,0,2015,"November","Tuesday","09:30 am","050","Not Divided","Straight road","Level","Not Applicable","Sealed","Dry","Not Raining","Daylight","Hit Parked Vehicle","02","Driver Rider","1: PDO","No Control","","",1325247.16,1665400.8,"13252471665401"
"2015-13005-27/05/2021","2 Metropolitan","WELLAND","5007","CITY OF CHARLES STURT",2,0,0,0,0,2015,"November","Tuesday","12:05 pm","060","Cross Road","Straight road","Level","Not Applicable","Sealed","Dry","Not Raining","Daylight","Right Angle","01","Driver Rider","1: PDO","Give Way Sign","","",1324861.57,1673197.21,"13248621673197"
"2015-13006-27/05/2021","2 Metropolitan","WINGFIELD","5013","CITY OF PORT ADELAIDE ENFIELD",2,0,0,0,0,2015,"November","Tuesday","02:00 pm","060","Cross Road","CURVED, VIEW OPEN","Level","Not Applicable","Sealed","Dry","Not Raining","Daylight","Rear End","02","Driver Rider","1: PDO","Traffic Signals","","",1325562.16,1679187.23,"13255621679187"
"2015-13007-27/05/2021","2 Metropolitan","HINDMARSH","5007","CITY OF CHARLES STURT",2,0,0,0,0,2015,"November","Wednesday","06:15 am","060","Not Divided","Straight road","Level","Not Applicable","Sealed","Wet","Not Raining","Daylight","Side Swipe","02","Driver Rider","1: PDO","No Control","","",1325372.33,1672429.47,"13253721672429"
"2015-13008-27/05/2021","2 Metropolitan","HENLEY BEACH","5022","CITY OF CHARLES STURT",2,0,0,0,0,2015,"November","Tuesday","02:00 pm","050","Divided Road","Straight road","Level","Not Applicable","Sealed","Dry","Not Raining","Daylight","Hit Parked Vehicle","01","Driver Rider","1: PDO","No Control","","",1318858.94,1673025.29,"13188591673025"
"2015-13009-27/05/2021","2 Metropolitan","TORRENSVILLE","5031","CITY OF WEST TORRENS",2,0,0,0,0,2015,"November","Tuesday","08:45 pm","060","Divided Road","Straight road","Level","Not Applicable","Sealed","Wet","Raining","Night","Rear End","02","Driver Rider","1: PDO","No Control","","",1324997.77,1670970.27,"13249981670970"
"2015-13010-27/05/2021","3 Country","PENONG","5690",,1,1,0,0,1,2015,"November","Tuesday","03:00 pm","100","Not Divided","Straight road","Bottom of Hill","Not Applicable","Unsealed","Dry","Not Raining","Daylight","Roll Over","01","Driver Rider","2: MI","No Control","","Y",831466.11,2003141.21,"08314662003141"
"2015-13011-27/05/2021","2 Metropolitan","VIRGINIA","5120","CITY OF PLAYFORD.",3,0,0,0,0,2015,"November","Tuesday","03:30 pm","080","Not Divided","Straight road","Level","Bridge, Culvert, Causeway","Sealed","Dry","Not Raining","Daylight","Side Swipe","02","Driver Rider","1: PDO","No Control","","",1326456.5,1696641.43,"13264571696641"
"2015-13012-27/05/2021","2 Metropolitan","WATERLOO CORNER","5110","CITY OF PLAYFORD.",2,0,0,0,0,2015,"October","Monday","08:45 am","090","T-Junction","Straight road","Level","Not Applicable","Sealed","Dry","Not Raining","Daylight","Right Angle","02","Driver Rider","1: PDO","Give Way Sign","","",1326345.17,1696674.21,"13263451696674"
"2015-13013-27/05/2021","2 Metropolitan","HINDMARSH","5007","CITY OF CHARLES STURT",2,1,0,0,1,2015,"November","Tuesday","09:10 am","060","Cross Road","Straight road","Level","Not Applicable","Sealed","Dry","Not Raining","Daylight","Rear End","02","Driver Rider","2: MI","Traffic Signals","","",1326463.81,1672651.14,"13264641672651"
"2015-13014-27/05/2021","2 Metropolitan","HILLBANK","5112","CITY OF PLAYFORD.",2,0,0,0,0,2015,"November","Wednesday","07:30 am","080","T-Junction","Straight road","Slope","Not Applicable","Sealed","Wet","Not Raining","Daylight","Right Angle","01","Driver Rider","1: PDO","No Control","","",1336909.73,1690327.67,"13369101690328"
"2015-13015-27/05/2021","2 Metropolitan","HILLBANK","5112","CITY OF PLAYFORD.",2,0,0,0,0,2015,"November","Wednesday","08:40 am","080","Divided Road","CURVED, VIEW OPEN","Slope","Not Applicable","Sealed","Wet","Not Raining","Daylight","Rear End","02","Driver Rider","1: PDO","No Control","","",1336389.23,1689590.63,"13363891689591"
"2015-13016-27/05/2021","2 Metropolitan","PORT ADELAIDE","5015","CITY OF PORT ADELAIDE ENFIELD",2,0,0,0,0,2015,"November","Wednesday","08:30 am","050","T-Junction","Straight road","Level","Not Applicable","Sealed","Dry","Not Raining","Daylight","Right Angle","02","Driver Rider","1: PDO","Stop Sign","","",1319952.87,1679603.61,"13199531679604"
"2015-13017-27/05/2021","2 Metropolitan","MUNNO PARA","5115","CITY OF PLAYFORD.",2,1,0,0,1,2015,"November","Wednesday","08:55 am","060","Divided Road","Straight road","Level","Not Applicable","Sealed","Dry","Not Raining","Daylight","Rear End","02","Driver Rider","2: MI","No Control","","",1336613.89,1698593,"13366141698593"
"2015-13018-27/05/2021","2 Metropolitan","COWANDILLA","5033","CITY OF WEST TORRENS",2,1,0,0,1,2015,"November","Tuesday","10:42 am","060","Divided Road","Straight road","Level","Not Applicable","Sealed","Dry","Not Raining","Daylight","Rear End","02","Driver Rider","2: MI","No Control","","",1324144.24,1670082.57,"13241441670083"
"2015-13019-27/05/2021","2 Metropolitan","SALISBURY DOWNS","5108","CITY OF SALISBURY",2,1,0,0,1,2015,"November","Tuesday","03:25 pm","060","Cross Road","Straight road","Level","Not Applicable","Sealed","Dry","Not Raining","Daylight","Right Angle","01","Driver Rider","2: MI","Roundabout","","",1330533.89,1687541.31,"13305341687541"
"2015-13020-27/05/2021","2 Metropolitan","KESWICK TERMINAL","5035","CITY OF WEST TORRENS",2,1,0,0,1,2015,"October","Tuesday","12:32 pm","060","Cross Road","Straight road","Level","Not Applicable","Sealed","Dry","Not Raining","Daylight","Right Turn","01","Driver Rider","2: MI","Traffic Signals","","",1326197.48,1670102.93,"13261971670103"
"2015-13021-27/05/2021","2 Metropolitan","WAYVILLE","5034","CITY OF UNLEY",2,1,0,0,1,2015,"November","Monday","02:45 pm","040","Not Divided","Straight road","Level","Not Applicable","Sealed","Dry","Not Raining","Daylight","Hit Parked Vehicle","02","Driver Rider","2: MI","No Control","","",1328311.64,1668250.36,"13283121668250"
"2015-13022-27/05/2021","3 Country","WILLAMULKA","5554","COPPER COAST DISTRICT COUNCIL",2,0,0,0,0,2015,"November","Tuesday","10:30 pm","100","Not Divided","Straight road","Level","Not Applicable","Sealed","Wet","Raining","Night","Hit Fixed Object","01","Driver Rider","1: PDO","No Control","","",1260247.86,1785471.09,"12602481785471"
"2015-13023-27/05/2021","1 City","ADELAIDE","5000","CITY OF ADELAIDE",2,0,0,0,0,2015,"November","Tuesday","12:15 pm","050","T-Junction","Straight road","Level","Not Applicable","Sealed","Dry","Not Raining","Daylight","Right Angle","01","Driver Rider","1: PDO","Give Way Sign","","",1327402.7,1669692.24,"13274031669692"
"2015-13024-27/05/2021","2 Metropolitan","THEBARTON","5031","CITY OF WEST TORRENS",2,0,0,0,0,2015,"November","Tuesday","09:40 pm","060","Cross Road","Straight road","Level","Not Applicable","Sealed","Wet","Raining","Night","Side Swipe","02","Driver Rider","1: PDO","Traffic Signals","","",1326570.84,1671527.41,"13265711671527"
"2015-13025-27/05/2021","2 Metropolitan","DAVOREN PARK","5113","CITY OF PLAYFORD.",2,0,0,0,0,2015,"November","Wednesday","08:50 am","060","Cross Road","Straight road","Level","Not Applicable","Sealed","Dry","Not Raining","Daylight","Right Angle","02","Driver Rider","1: PDO","Roundabout","","",1336609.77,1697240.65,"13366101697241"
"2015-13026-27/05/2021","3 Country","YALATA","5690",,1,1,0,0,1,2015,"November","Wednesday","10:30 am","060","Not Divided","Straight road","Bottom of Hill","Roadworks","Sealed","Wet","Raining","Daylight","Roll Over","01","Driver Rider","2: MI","No Control","","",708448.54,2046656.19,"07084492046656"
"2015-13027-27/05/2021","2 Metropolitan","TORRENSVILLE","5031","CITY OF WEST TORRENS",2,0,0,0,0,2015,"November","Wednesday","11:30 am","060","Divided Road","Straight road","Level","Driveway or Entrance","Sealed","Dry","Not Raining","Daylight","Right Angle","02","Driver Rider","1: PDO","No Control","","",1325358.98,1672192.87,"13253591672193"
"2015-13028-27/05/2021","2 Metropolitan","MANNINGHAM","5086","CITY OF PORT ADELAIDE ENFIELD",2,0,0,0,0,2015,"November","Wednesday","01:35 pm","060","Divided Road","Straight road","Level","Not Applicable","Sealed","Dry","Not Raining","Daylight","Hit Fixed Object","01","Driver Rider","1: PDO","No Control","","",1330452.5,1676453.87,"13304531676454"
"2015-13029-27/05/2021","2 Metropolitan","GAWLER","5118","CT GAWLER.                    ",2,0,0,0,0,2015,"November","Wednesday","12:40 pm","050","Not Divided","CURVED, VIEW OPEN","Slope","Bridge, Culvert, Causeway","Sealed","Wet","Not Raining","Daylight","Head On","01","Driver Rider","1: PDO","No Control","","",1342904.08,1706141.87,"13429041706142"
"2015-13030-27/05/2021","1 City","ADELAIDE","5000","CITY OF ADELAIDE",3,0,0,0,0,2015,"November","Wednesday","12:50 pm","050","Not Divided","Straight road","Level","Not Applicable","Sealed","Dry","Not Raining","Daylight","Hit Parked Vehicle","01","Driver Rider","1: PDO","No Control","","",1328682.12,1671014.64,"13286821671015"